id,label
d84b3591-b66b-4a3f-9cfe-0cd482a53a1f.jpg,0
1a107dcf-35f4-4e04-ba61-21e2abf2ebc8.jpg,1
24003e77-2301-4ead-8301-faab450076b4.jpg,1
26382453-effe-4de3-8488-d61443b986b2.jpg,0
ecef8874-401a-4240-b1d1-5eab69b5d998.jpg,0
7b7b21da-17df-494b-8135-cf3250cc17ad.jpg,0
1b76105d-95e7-4193-9848-60ec34a78973.jpg,0
f920d837-08f9-4e3c-960a-9c0a3afe0bc9.jpg,0
2ebcb2f8-6f7b-428a-a6e8-2e1a774854e2.jpg,1
eb310fab-72c9-4d85-9e9d-f4322bb7f3ee.jpg,1
89e14270-0f16-4088-968c-eaf9f357de7a.jpg,1
b75295da-775b-4fd2-98c0-a10bb8192736.jpg,1
74c9edfe-7b53-468e-ad3c-5f115c618a50.jpg,1
82af86e6-a4c7-40d1-97a6-53b8a3ff2e4f.jpg,1
45648ccc-c189-4718-b80b-aa1f47a5919f.jpg,0
e62b79c9-f55b-4c87-babb-09f71c1ed023.jpg,0
65de7f64-eaee-4a44-b711-c8e66c69e7b3.jpg,1
f090f2e3-d2bf-4735-882a-bb1030f34501.jpg,0
1cb77366-4dff-43ad-a874-cef5693df903.jpg,1
92944e05-a95d-4578-b4c7-b3a6cbc7237b.jpg,0
4cdf1ca0-c9d3-4c52-b9c5-b423a94e1d0d.jpg,0
f18170cf-2262-4d0c-92de-79e41c28cc69.jpg,1
f9a7bccf-1e2f-4177-950c-cdb4f6bc82b8.jpg,0
515fd413-8974-4574-a75c-0315fdc1d0c1.jpg,1
443692c1-4901-4785-b090-bed5c895781a.jpg,1
6ac5d855-0daa-4053-a87b-1eb1f9f81889.jpg,0
e7787721-3473-451a-baad-86f9b16d2ebd.jpg,1
d3f284e3-17ca-4fd9-8879-5479caf4f575.jpg,0
b2164a0d-7a41-425b-8e1f-8324879aefd4.jpg,1
53981aae-94e0-4a0d-ad85-b23ab0f05172.jpg,1
e71e9502-0c9b-43ff-a0d6-2cf39c29deb4.jpg,1
91037f83-4d14-4f37-8b8c-62b4ab77f588.jpg,0
b1921b42-004f-44f7-8fd9-88fef8e07163.jpg,0
fcc560fb-8b22-4ef2-b5be-79aa6963ac0b.jpg,0
c757c6d2-fa83-4f79-bdca-3610d41fa3e7.jpg,1
161504a0-5e0e-4feb-aff6-b6c2674d62ce.jpg,0
5ec30308-c962-4561-98cd-b1e26717d2b9.jpg,0
8183ce7a-bfae-474a-a775-ccf91faaea9d.jpg,0
6f780d2d-3a8c-4e1c-b3d8-e0473f2fcece.jpg,1
65a5b660-5ebe-48b3-ac76-05c04ed99da4.jpg,0
ad94ec8a-3093-44d7-a90b-56245175adfb.jpg,0
6be6dca7-3eb7-4f00-97c6-cdcc9bcc1725.jpg,1
49b841c2-c836-4cde-b6ba-44cddb447378.jpg,0
a877d664-4d07-44e5-91c2-a022a2da12e4.jpg,0
d8581190-4518-47f4-90d7-80815ef3022a.jpg,1
77905a81-3891-4d62-825a-2954445f8ed1.jpg,1
b3eff223-53da-4089-9c38-a31943adc184.jpg,1
7cf2c670-2ea6-41c7-99c8-e7e283c2e74c.jpg,0
f8e525d5-a36b-44bf-8789-ae39423858fa.jpg,1
34fc7444-9792-435f-8deb-97b5c4066508.jpg,1
ccccdf2b-8e3b-44f4-b0df-72d6bca02356.jpg,0
4bf41842-a75a-4146-a493-228ed2365a13.jpg,1
7875635b-98f2-497b-b6b0-0b9af985ef57.jpg,1
c3aeadda-8d7a-4531-92cf-c02445b56422.jpg,1
84756a92-95d2-4b42-b989-2a449adcf7ff.jpg,0
5a9b2f25-c150-49da-9075-ef1171ca34b8.jpg,1
6c8f24d5-aba5-45ae-963e-08408b969229.jpg,1
5cda1069-78fe-4d1a-8056-a8ae1402d422.jpg,0
16235373-600b-43b0-981b-92c42ae56129.jpg,0
0b46fae1-cf37-43c3-844a-442c9e4e2759.jpg,0
9feb90a2-fa78-4e13-bfc9-2d82e2052ac3.jpg,0
3f5878ef-bc01-4b9d-9f6c-1eba3a825ea8.jpg,0
4440a0d6-058b-4a33-9807-6a32141bbdfc.jpg,1
d4e92f6b-8395-4126-8af2-b200dc46eaa1.jpg,1
d91cdf81-0073-4055-b39d-7af2780cbd87.jpg,0
485ea6c2-3c0a-4cda-ab30-82145f8b8d93.jpg,1
a6d1e52f-bf85-45de-b05b-1b6bd89042d7.jpg,1
8d7de7bb-2a89-4a2b-8c09-b31b16512531.jpg,1
ad553c24-c7b7-4a48-828b-0f98c41d0c34.jpg,1
3b3bbd09-b17c-4efb-8874-4cfa317a913f.jpg,1
23d364cb-aae3-44ba-8e1e-ad06b281554f.jpg,1
54ee2d23-c962-4d30-81a7-2748008df6f0.jpg,1
76d36761-11dd-4456-8396-0c1f45717947.jpg,0
ea4dde69-84a1-402a-af1f-da09236aafd6.jpg,0
f8c66bec-a1ac-492f-8cde-1cdbf54d15f2.jpg,1
e7126dbc-2282-408a-bbe5-2118b76e54da.jpg,1
93b30998-0948-4674-a957-08097908251a.jpg,1
f9c181dd-cfcc-4e98-98bf-29724e4b7970.jpg,1
88f02435-27db-418e-9aa0-43e46882c618.jpg,0
742ed247-5f77-44a7-8998-c5ab8200084a.jpg,1
e8a8bd6a-3bbe-4574-996f-189f472939dd.jpg,0
e1810bd4-feb8-4277-bee0-2176a7617627.jpg,1
3db66f8f-b6bb-443e-9914-433611c3a9fa.jpg,0
a8754c8c-7463-46d6-82c3-ea63f3b05628.jpg,1
d06f212a-966b-4a3f-8a11-b9a800beefaa.jpg,0
88fa79b7-a12a-4627-b7ef-2364d25f6455.jpg,1
4ef6b744-43dd-4764-80a9-2541094d6e4f.jpg,1
bf720023-fe86-43d8-a01e-6b577e0791a1.jpg,1
b854383c-e11b-44da-9887-394e5b99c817.jpg,1
17c43f42-4d03-4ac8-93fa-842f7d846762.jpg,1
071ffbda-5493-430c-9569-2be60c47cd00.jpg,1
52cd9eeb-4ee5-436d-8016-ff24bf1116f9.jpg,1
228b1953-cff4-4547-9c3a-20de42d75b46.jpg,0
1a97200b-a3e4-45d3-87fb-0437c114dfaa.jpg,0
d3d2cd2b-bf4f-4b38-bddd-984a7ed50b3c.jpg,1
95a33ee9-2cbf-4468-ab92-e3fb9afe87ba.jpg,0
356c4096-e502-4b94-bd9a-124dde2e6889.jpg,1
1f204ca8-0641-49fb-b2f4-c01328b48d7f.jpg,0
7f6ada88-4015-49f1-afb2-1f50cc880fef.jpg,1
c0ec1a92-82d7-4adf-a579-fe223802464a.jpg,0
bbc119fc-706a-4c81-943e-eefdb5dea58d.jpg,1
4094c42f-82f2-4e51-b4b5-391092dc71fc.jpg,1
27c3a85b-a555-455f-a2e0-e5107bf65e3c.jpg,1
2be6daf7-ce61-40f4-bb70-e5f74af86720.jpg,1
777a16eb-a23d-4c44-a3d0-6a01726ee19f.jpg,0
5efba862-f092-4d64-a5bf-6fd486a8dcc5.jpg,0
ed2d516b-a7d8-44d2-9eb1-cbe38d494fcb.jpg,1
0541c0a5-9783-47b0-af20-464b89503d12.jpg,0
45038b4e-e24b-4078-acff-43a34782bcba.jpg,1
b27d3022-a372-4a95-a061-8ffc63210e10.jpg,0
e21a7169-d252-4fd5-ab39-78d3ade1774b.jpg,0
2c9b1f2d-002e-4cfa-a2d0-20d5327eaeff.jpg,1
7d2941e6-f912-4dfe-bc55-84d0a4d4cbe5.jpg,0
e25dcfad-9b97-4822-a060-7b21cbe23a2f.jpg,0
8b15bf31-39b9-43d0-a0ba-024f36e50eda.jpg,1
2e95d747-22c0-4236-96ea-f0d1b02a4548.jpg,0
acd4ed4a-a59b-4b9b-9844-050932b955f3.jpg,0
1a3e0631-de35-4f98-866a-2cde88b00444.jpg,0
708df041-678d-4a11-b461-e9eb844f4f43.jpg,0
7e8470b3-0884-462e-bf60-27657e8c6657.jpg,1
8640fce3-0791-420b-8a31-fca476eca8fa.jpg,0
1f08441c-847f-4ca6-a197-ad7d4deab012.jpg,1
f35f52ae-b165-4d45-809a-f0054e5902f0.jpg,1
8ed28653-48d6-45b2-8a52-aa888c0f7770.jpg,0
416a039a-ae80-470f-8ffe-094659efd76b.jpg,1
c3c25f02-3bfe-4b39-b979-a12b6f1997b9.jpg,0
9bb3e38e-8f0c-4ab7-83c2-98072c2e77a7.jpg,0
4a29efce-b4d1-4254-a967-2430e476440e.jpg,0
e8109193-c1af-4b15-baab-d2e139182d56.jpg,1
18392f2d-d3a2-4a34-824e-8c000bb12987.jpg,1
cc44ade6-be67-43d3-8056-26e9b77f911f.jpg,0
ba4bfb5a-5cfa-47ab-9eb2-31b8c01a1949.jpg,0
b2dfd41c-8087-4078-afe6-e40d8895eedb.jpg,0
801aaf15-9f59-48b1-9336-18caaa99fe9c.jpg,0
aa370844-b5db-4a7d-ac65-100198558815.jpg,1
a0d08df9-c927-4bce-aeb4-9888e6c34a2f.jpg,0
2855c2a4-e5b7-44f6-9000-294f8cdb83a0.jpg,0
a03b7e4c-bae8-4b79-819c-b41d2859cc5e.jpg,0
a9b5b410-f337-4837-88e6-a05a4c5f76c1.jpg,1
7a3787da-d0ac-473c-960f-9675daadbae7.jpg,1
6e4f2f9d-e7fe-48cd-a5a6-bc120e87b86a.jpg,1
7bbd3f63-e826-4c42-aec4-0e83d7984b03.jpg,1
9a3d8bcd-7218-4c04-a0a7-a790c5efc8e7.jpg,1
519c1dc3-cb24-4ae8-aabd-82cc7ef20d61.jpg,1
1d3ab4a1-15d4-483c-af3d-c24b5c40029e.jpg,0
dba50640-7264-40dd-accd-138441203361.jpg,1
7654638f-a66b-4003-b494-51ec50658d40.jpg,0
c0b0b3f8-af45-4bd4-a493-8e08b1c19bad.jpg,1
3544ec2c-60f5-4127-8ca7-464c51a20435.jpg,1
fe37a45f-9e9e-4fa9-9380-13fa140fdadc.jpg,0
dcce2013-90de-4cd9-95d6-e26b38269a8d.jpg,1
d6271e6d-b0fa-4541-ad5b-4c18af79080c.jpg,0
b3ec3e73-7e60-48e1-aee0-305026090e21.jpg,0
864eb84a-c23e-4b13-8cb0-9e4b8955ee98.jpg,1
e807788b-1c96-4b35-aba0-ffd9ce508fcd.jpg,1
63deb9a8-65e4-4f94-8d57-51e9698c2a03.jpg,1
fd4cd2a7-92dd-48ff-bbef-a7eed99bf86e.jpg,1
f2eeb89e-a5c7-483e-848b-6061df221b16.jpg,1
fbc8f773-524a-4a02-8e3c-01ee61c3b0e9.jpg,0
89ebc540-d5fa-4d56-be94-b52be7206d84.jpg,1
ce94be14-5cac-4f2b-b2f5-f92085c8ae62.jpg,0
214e6c35-f180-437e-8fce-458da4321f8a.jpg,0
a5b784bd-ef1f-4d4c-bfbd-560b893aeab1.jpg,1
266afbc7-0632-40e6-8f88-5db525960694.jpg,1
d693b88d-17dd-442e-961b-33f1e475134a.jpg,1
73ac4335-0688-4c11-be3f-d96b2c573042.jpg,1
9d0d2f59-3ea0-4a62-acf4-5fddd23ff995.jpg,0
f155d357-6841-42ba-a052-01912ff7b61c.jpg,0
867049de-4455-49f8-8a73-fa6891435624.jpg,1
6afbb22b-96c2-47de-a5a8-71039fdc7e54.jpg,0
a834a1ba-2f37-4c49-af67-db6d50d75100.jpg,0
62f028b5-4383-4ee7-a348-37474f8fcf80.jpg,1
b8531dbd-0963-4d48-b0c3-0f127d3a4eda.jpg,0
1a74df75-4a8a-4cf6-b122-a9c1b12fd14f.jpg,1
c18dc743-88d5-48d1-99ee-1bc0f14b84a6.jpg,1
33338e3a-b23c-48ff-b375-c6161388fc6e.jpg,0
f6d368a1-d0a4-49d5-bc55-0c4796e46755.jpg,1
0958a349-4388-40f9-a032-47a09c9dad10.jpg,0
d41fb361-9c7a-4aee-a89b-a9a4d32968c4.jpg,0
57a94358-4591-4806-b843-c329940ee627.jpg,0
e9fd635e-cc74-4822-9138-b3252a194561.jpg,0
28a64bab-aa7d-4eb1-80d1-ea473b880135.jpg,0
c0367521-11e6-42bd-a0b5-6b785c6a411d.jpg,1
de416e56-8f86-47df-aebc-ba9962e2bfa5.jpg,0
ac161d00-5598-4231-bd62-7e6e2c43ea18.jpg,1
d423141c-faaa-422d-91c9-619ce8cf6444.jpg,1
82dbf637-a0f6-4f9a-bd71-609e594c6271.jpg,0
4bd9e1dc-5aa3-43ed-b7be-d3e326071988.jpg,0
e5ca2df9-c371-4eeb-b02d-8e110015c705.jpg,1
6a6dcd8c-f182-43dd-8eeb-e06eb7e9838c.jpg,0
0fe996f3-53ec-4645-929d-91956fa9db6f.jpg,1
411efd8d-2cf8-46ae-b7c6-1ba52e35774b.jpg,1
8044e073-dacf-4538-9b14-cca2815354f3.jpg,0
4940ed6a-be1a-4951-af40-e930d354b4d7.jpg,0
5d46b744-9878-4e84-9e99-b085e7436d57.jpg,1
3050103b-19d3-4129-be15-f104c7e8308d.jpg,1
e851d209-3096-4e5e-b4f7-baf6bd9a0223.jpg,0
b98b4f53-c660-4763-adf0-20eadcc4312c.jpg,0
b313f924-09c2-4358-99bb-e75e9b1f1003.jpg,0
de91a0ad-dcbe-4095-bbe6-9e12d98ff064.jpg,0
4676ea72-135a-4a2e-84e2-c27e0206e7de.jpg,0
16acdc38-686f-4412-868b-c10503a6c239.jpg,1
c0b2ff4f-7e73-4019-b5a6-392848c4124b.jpg,1
fe4ccccb-4de8-4dc7-823e-c847931924f6.jpg,1
ed1a32f3-d966-4200-81c4-bdc413efe78f.jpg,0
b8dcc9fe-8c1d-4ebf-8d2e-265b9ec9e01b.jpg,1
b57b6786-2351-4d35-9427-655b01879389.jpg,1
a75e3294-3320-4b9b-94c5-4d6346d9aae8.jpg,1
3445c3da-6179-45fe-93b3-24c25c1fd48b.jpg,1
af674a51-ad42-4d1f-be17-d3ffe9cb58f3.jpg,0
a543f8c5-a4ba-4fe0-8213-d475456c923d.jpg,0
ea4cb0d6-b57e-44b5-84bc-eb25c1bfcc94.jpg,0
00fd9dad-99fc-4e5e-8701-8e9b9eaa9df2.jpg,0
eba52328-fa41-4d20-8063-5c1a691f2bb8.jpg,1
bc5b1060-bfd2-42a4-98a9-a97e2a07a773.jpg,0
ea814857-ea83-4611-9cec-2c90fa2616b3.jpg,0
37d3762e-7569-4ffb-8174-b407c9feb52b.jpg,1
76222fda-9178-48e4-817d-1a1a3c43894f.jpg,1
76cfd6ef-259f-466e-bd4a-329281f038f9.jpg,0
7f152d2e-bae7-403c-b52e-05d1f795b309.jpg,0
23248204-803f-4711-967a-c39f2b1b4a9e.jpg,0
224d04cc-ea79-41b0-82f0-0475bf491202.jpg,1
0ccbbfa4-a376-4c31-9fcb-44d1eaa41ca2.jpg,0
0dae46d5-ac4c-4773-8d59-d43a4a471f1c.jpg,1
de4abf2b-1f90-442f-bd7f-0d0d2fc50e9d.jpg,1
591fa8fb-b20f-435a-a3d9-b7feba131339.jpg,1
328454e6-941e-4b0e-8765-fbfe4842e966.jpg,0
2a22dba7-3dca-48ae-9a2b-cadf37d2162f.jpg,1
8435dfd6-196b-433b-970e-398f34c9b920.jpg,0
392d3f5a-8b41-46eb-bf82-a77c58452f55.jpg,0
8f52c1c0-44fe-4b8c-bfc6-9a837e0dd6a5.jpg,0
a5f32282-62d5-40ff-9668-06bb01ca5b7b.jpg,1
09b8a13c-db52-42f4-96e6-ec144c576ae8.jpg,0
7456bbf9-3280-4c10-9984-6c21183c146f.jpg,0
61e9a937-66c9-4e75-bd82-7c278a023604.jpg,0
c6d2b02c-82c3-48f4-b308-4d3ff4ef69bc.jpg,1
02a7deb0-c458-47e0-ac6a-1650405f6da9.jpg,0
8e8b8ad2-26aa-4bf4-bad0-c3946594c958.jpg,1
9b4a3cff-76e2-43d3-b710-201304eef6a3.jpg,1
26b2aeda-7359-44bd-84fe-48e1d30a9197.jpg,0
a96c0258-22df-44c6-9630-97a4003cc142.jpg,0
0d904fcd-16cf-4ad7-88a0-5b85f80657b0.jpg,0
c558e67b-f0be-4756-b444-3a503afab953.jpg,1
b21dbe0d-c412-4135-9bf6-c6341598d16f.jpg,0
7490b5cc-6867-44a0-b0cd-4259810e7f7f.jpg,1
a1d5764e-c44b-4748-8f5b-4c51fe4a26be.jpg,0
6fc5b645-8900-4768-8c14-54da42b64624.jpg,0
5c046dd8-be2b-4f44-9c40-71ed65a77436.jpg,0
6637c17f-f373-4cc0-af2f-101925c07090.jpg,0
8e43bae0-ab58-42cd-998b-56e47a0105d6.jpg,0
0da7b28a-a215-4a17-922c-f37cc821f880.jpg,0
f2bd7033-c30f-4964-84be-30ac57f3b10d.jpg,0
ca44149e-4e06-4e87-b37b-5e9d4109a6ae.jpg,0
f9e8da7e-0467-4c30-9000-4ba560e08005.jpg,0
cccba38d-cfc3-4c2a-b313-2a025406bda3.jpg,1
959ee4bd-3cb4-4545-9be1-c530e8677519.jpg,0
f0d6b869-f40f-4364-8cec-fd1a6dca1419.jpg,1
e3100946-17b3-4489-a744-92dd0a802eb0.jpg,1
2fe36ed6-d33c-430e-b4fc-eee5b735d8bd.jpg,1
5acbaca8-edfa-4871-8689-5fa103b2ba55.jpg,0
9d5ec63d-73c0-4fe2-b1f7-f5f5ffeefda4.jpg,1
7a0ba702-129a-4547-aae2-ba0d724436ed.jpg,0
9e9c8f51-290f-433b-ad9e-27aec533a167.jpg,1
f11fb62b-9b7a-4fdf-bf62-0b583dced0ea.jpg,0
4ceeb250-fa01-47b7-a2e3-9531aad9ad31.jpg,1
00cf672b-ff4b-4346-a624-48323b2b370c.jpg,0
23ebeae3-5b49-40bc-bf6f-7acb27ef56ba.jpg,1
d7d9a4b5-12be-498c-80b7-0817ffe46712.jpg,1
19e64535-8a4a-413c-beab-e7c085e1731a.jpg,0
b204b618-b898-46f7-a84c-bbb240b1071f.jpg,1
25ea7797-f066-4880-86b2-f4e85b821978.jpg,0
d389edfe-ded1-48ab-aa5c-48d48fc4d1f3.jpg,1
f85ac663-e31e-4971-9da6-54ec1e6e7473.jpg,1
18678786-9e31-467b-95de-b29453f1837b.jpg,0
a4601335-1120-4cb3-8220-e688588ac728.jpg,1
3e270b1b-febe-4043-b385-3ad80142ae1f.jpg,0
0074fd54-669d-42b8-b0f7-fde63f33f27d.jpg,0
a714212d-1c35-4371-b7e7-a36b59a8fa93.jpg,0
e4fd5f59-295a-464a-ad7b-dc9ed1f4a6dc.jpg,1
d061039c-d464-449c-b99e-eca25a599a9a.jpg,1
6541c9e2-e0cd-4ba2-912f-016281f392a0.jpg,1
1c53a898-2153-4248-9e8c-890e24cfbfed.jpg,0
88ad4e15-243a-44e1-9b4e-2fee3f4b474a.jpg,1
520442e2-df96-43c7-886e-553aea83ee34.jpg,1
d5dc8d62-1478-4355-a54c-e466bd4854ee.jpg,1
19637b16-b188-47a4-a35f-7f191401c386.jpg,0
e9b2928e-da90-44ce-984e-28ec05d8eaf3.jpg,0
bca0f3cd-4a28-4294-9d2a-a6b71b5ba317.jpg,0
f48ac854-69f4-448e-9025-e2923cc0ec39.jpg,0
495499c2-67a7-4990-87fb-552bd82d4ca4.jpg,0
05527596-141d-42bd-808e-cd22edb283b1.jpg,1
f58f9cea-a0cc-42fc-bbfb-c2dcfe9bd773.jpg,0
5aa7710d-846a-4983-b022-895976b9d843.jpg,0
3eec5973-3aad-4d50-b350-9c0bbb154160.jpg,1
85776387-f697-4880-81a3-3378365a5094.jpg,1
0a709c66-3b10-4e93-a280-48800eeae0cd.jpg,1
cfb548e3-ca0b-45b0-9ffd-c6f13ffb0489.jpg,0
0c581f49-d602-4685-b5b6-f0126a212dd3.jpg,1
1bec44cb-1d31-4525-b4cb-a98703c06a7d.jpg,1
ed45fe44-1adf-496b-82ea-cb06048fb433.jpg,1
105066b6-45c9-4396-8039-75c19b7e4ae0.jpg,1
c999b80e-deae-4e1d-b00a-18e3543131c2.jpg,0
e8c1b563-ea04-4605-bc3d-d12dbc8011cf.jpg,1
1531a180-654d-4bc4-9136-cde79128fe39.jpg,1
c67723a6-f999-4294-9199-e86a5242db9a.jpg,1
84e44d02-c432-4a07-8759-eb483b428a73.jpg,0
87ceb8af-132a-4ed3-ab51-0af21f9511ee.jpg,0
8d3c5329-570c-48ce-a222-e05361804b78.jpg,1
9b27dfae-2b9b-4838-be08-9c61a6376789.jpg,1
99930835-f56b-43d6-b195-1db6f152215f.jpg,0
0008c3cf-69b5-4e84-9f02-589d1bf8e946.jpg,0
d3cbffb6-f76c-4342-af7d-0c82d16195bf.jpg,1
e1a36614-b5f8-4cf9-8741-e7bc1363112a.jpg,1
ce26741e-ca1f-4d5d-a073-9499249f6d50.jpg,0
ffb1f007-dd74-4ff4-80ec-7440746e31e8.jpg,0
76b0ce13-240d-48bc-83ed-ceda659714f9.jpg,1
d2df1b80-c6ce-44af-b4f7-bdb302f49138.jpg,1
a55f1e13-2279-4b85-958a-56f5f62174c7.jpg,1
2cbd8deb-32bb-479c-a523-7f5be2854eca.jpg,1
8ff9ba82-36a4-493e-b42e-2f30d2205ecc.jpg,0
85359c06-7eeb-4ba0-a708-46d3c41a005f.jpg,0
5175f153-b116-4192-999c-d262e19a34b3.jpg,0
d710255f-209e-45a0-b1dc-2705bee9e5e2.jpg,0
0323074e-f0c2-45a3-b27c-fbfc9b609fe0.jpg,1
3f9e716e-6ea9-4db2-a14c-db159eb0904f.jpg,1
d7c3d682-cd96-448e-ab97-28c3fe296733.jpg,0
7433017e-344c-4baf-8709-2ad7caa92ab7.jpg,0
4793c2cf-33a8-4b3f-b0c3-caad12d17a1f.jpg,1
403ba5b4-4337-4ae4-b258-033f2bc8c648.jpg,0
08ae3b6f-f718-45fc-ad52-e8b9863271d5.jpg,1
ed6de4b9-a756-4a14-99d7-8fa5291c4bbc.jpg,1
bb96fe6b-d35e-492c-a992-b676b7897283.jpg,1
c18440c4-3ed7-4c97-817f-88626221bdaf.jpg,1
80f071f3-10fa-4fad-8ed3-2b59f6c1b91c.jpg,0
ca6377e7-cc27-4ebd-8d60-3f31dda8b942.jpg,0
0d89d028-ba02-4433-91bc-11efd6e059e7.jpg,1
e80f7a19-ddad-4a83-bf26-c4e0663436d8.jpg,0
3c5b0331-3e98-4a39-b0f4-2f8d0ac8c7ec.jpg,0
a087e33f-95be-4f7c-befb-350f2a5e364a.jpg,1
130cc638-5637-4386-820d-d9b2bf04acbf.jpg,0
ff5ae16e-5249-4cfb-8b3a-b0b50dcc5d4f.jpg,0
86487319-23d7-4972-8f79-b54829e54224.jpg,0
b0b19a50-56f2-44bd-94f6-1374fed21404.jpg,1
23422e3a-8d6c-4b8b-aa17-c8c93c50f29e.jpg,1
dd0a23bc-68a3-4118-9b53-bf975e8730a6.jpg,1
37ddb271-96f1-4ff5-ae25-aea8cc19bea0.jpg,0
f344cb7d-310b-4082-a3e4-959b40070334.jpg,0
f3823d1a-80f7-4d68-bcb0-8321b3a8eb36.jpg,0
ebf98a3c-3407-4053-bda5-ab3952ede7d2.jpg,1
af83c045-a45c-4c84-884e-da5ab015e8be.jpg,0
8b344688-2a95-46e1-9b09-609ad27c3b4c.jpg,1
a1e3fd2b-46e2-45ef-9b5c-66083d429fbd.jpg,1
28506c3a-76a4-49be-aecc-fde166767059.jpg,0
7575a6b7-a160-47cb-950c-0054593d8301.jpg,0
223c4ed4-271d-47dd-b6c8-ad0ba4bc938d.jpg,0
32175975-5fd8-4e8e-9217-2489c1429a8a.jpg,1
04063938-1fc2-4c3c-83ec-446b2273d6e4.jpg,1
ade21dcb-5f18-4c89-b8e8-c7b8468e3620.jpg,0
c10459a6-008c-4587-a95c-1d4e7e6b111a.jpg,0
f4f495a0-c0dd-40e6-87f2-1f86ca3ddde1.jpg,1
d69eed44-78b0-4d66-a806-936adb0fe1e0.jpg,0
b1cf10d2-e300-4c14-9f20-dbd8741252c1.jpg,1
bbf4589a-0230-45f3-84e0-542af7433ad1.jpg,0
a852ea15-b655-4987-808c-ac0f3cb981ae.jpg,0
b4987391-7c22-4230-a1a8-61590e3b43a4.jpg,0
ac16bbf5-9611-4ad4-b840-0caa6c637a2a.jpg,1
3d1b2185-f8f0-4d72-b8b4-d6c31fe08783.jpg,0
035dc64f-0d06-4734-9b67-5b9fba668f14.jpg,0
8deb4550-ca22-47eb-b282-71e2936241cc.jpg,1
4f28d215-19f6-4c0f-a5fd-b38e3adc042f.jpg,1
22aae2b6-927b-41d2-946a-19921792c7a1.jpg,0
946f1ffc-ae51-4aef-82a2-6702d06afa00.jpg,0
5b439715-3914-42f1-aec8-00e045e27336.jpg,1
d8b20a6d-ee14-4f65-aad3-02b9907c2ba0.jpg,0
285b3676-68a7-4b15-bdcb-f1bfc0362ea2.jpg,0
8716205b-3cad-47ba-acac-55c48c15cfb9.jpg,1
e73c9938-a2f5-45b8-9055-ba10e83ac7f0.jpg,1
7be76cd1-4b61-40ed-8888-02259f5b9835.jpg,1
575db880-2c3d-4914-936e-83dbe456aac9.jpg,1
a9a84bd1-c2bb-4852-8957-5c35a8667095.jpg,1
23527406-cb7d-4582-aa0f-6a582027f681.jpg,1
d2e6f18e-9567-4ae7-8b35-04cea19174ec.jpg,1
72214315-2eec-47bc-882d-32f45818be6e.jpg,0
2de6dd5f-d91f-4dd3-ba8c-615cdd465e00.jpg,0
92d09447-28a2-4fea-875e-67694a1ddc1c.jpg,0
cc3ea987-a4dd-455e-96e0-76b172e74a89.jpg,0
33427357-9246-4d44-9cf3-386d4c16ea13.jpg,0
a9e57f4f-0e1f-452b-a233-590528633595.jpg,1
978387c8-02e3-4242-b384-d096a3a14528.jpg,0
da03b5de-daac-4d6b-a3c6-b110d5bd549d.jpg,1
42a91493-dc38-4f04-95ad-cf80690eab39.jpg,1
5ab0e798-14f6-4bb8-bc02-5e8a991ded67.jpg,1
30aac432-6d5c-4758-a417-d9e61b7412ff.jpg,0
2aab0e7a-2e66-49e3-9d45-bd58c16ac631.jpg,1
cce2b532-d036-4696-bffc-b8ceac530c4d.jpg,1
89e30df5-84af-4b4d-9413-ea664dc75e7b.jpg,1
e257600d-f349-4a45-a4c6-da81d5897347.jpg,1
7cbd2af2-afdd-4a4d-93bb-1c2b752ad306.jpg,1
250ac175-2c5c-419f-a666-fa67c647e15d.jpg,1
e9baea56-f418-43fc-a1b6-17a6a062e67c.jpg,0
8ba6225b-b379-4a3f-a475-7a65494374fb.jpg,1
42601c60-46e1-4e45-a936-fab19a6325e9.jpg,1
d99a3299-ed27-4e7a-a118-a73cf9a196df.jpg,0
b2da04f8-cfaf-4b79-8bb7-83a84735ae87.jpg,1
92fcd079-7124-41cb-bbaa-393f020c2f02.jpg,0
c1b94bc0-b2bf-49fd-830b-07b7c1764a64.jpg,0
22c67920-b360-498e-b7be-63718fbc4bc9.jpg,0
704f6434-6e81-43fa-983d-ea14a56a4744.jpg,1
d3e6425f-ecca-45c8-ad31-3b2aa46a5728.jpg,0
b3f18036-eb66-4146-be49-add7f3cdc5df.jpg,1
b498bec2-9708-4c86-bd46-ccdfdb49dbf0.jpg,0
a69b5a9f-d147-4775-b409-5769171f9536.jpg,1
786592a2-e70d-4248-b86f-ab0ef3116a4e.jpg,0
5790d124-63b1-441a-8f1e-2d7b5e0216fc.jpg,0
ef80fddf-36f0-462c-b084-e2738277f359.jpg,1
296bf2f6-f5d5-4fcd-8e3a-58866151a1d7.jpg,1
731169b4-a49a-4cd7-9d52-76e3d5310f73.jpg,0
f8f02a70-e81d-403f-9c9b-5ef1a0a2d454.jpg,1
69605c8c-cb57-4342-ab78-5e9a175199e0.jpg,0
b6d1025f-cc3d-4f29-ae1b-9a75bedf6cb9.jpg,1
06d12bbf-db42-4f4a-a999-4b54b3e96d13.jpg,1
67f6f2bc-d532-4729-8b50-c17e8d21c4f8.jpg,1
25abf549-2291-4986-bda4-3c89520aed47.jpg,1
ab84a1eb-5a00-41ec-b2a8-a8ef9c867db4.jpg,1
83fcd62f-49f8-46de-8910-f58bbd15f9e3.jpg,1
9896b543-8e1e-4a3e-8b32-cecdbf15f80e.jpg,1
8f40c1ac-73f3-430c-9985-b5130035196b.jpg,1
1f8e5f1b-2cdf-4c4e-a310-ede4a47350e9.jpg,0
0dddadd8-231d-4c3a-a563-c9e8d6129b52.jpg,1
859d6857-e900-4091-b4df-41fa5727a99d.jpg,1
02deb8fb-ba58-4791-92df-d06edcd00982.jpg,1
fd378c64-51f8-4a5d-bb4b-4ebca045351c.jpg,1
95cdf388-3ff6-48c9-a560-4ecc9f0e1311.jpg,0
de94d83d-e808-4e15-bb32-e6b696cdd938.jpg,0
76586f1d-c09d-4e41-b462-54770d31d06a.jpg,0
aa6a1664-68e6-49df-ab3f-000a4df72844.jpg,0
64a9a606-5667-4182-af8d-131b7c9c040a.jpg,0
0f8325b1-7e1d-4d1b-b2cc-32065cf40f20.jpg,1
9e1f6c73-8ab8-49ef-a7d3-a031d7002cee.jpg,1
06069439-1290-4983-8f1b-12859dd8d4f5.jpg,0
37699982-a98a-4a4e-806f-11bd280cb749.jpg,0
01736996-2803-4995-9801-cb6133b91f83.jpg,0
0b47cbf2-f73d-48a8-a60f-d108509a8ccd.jpg,0
ea8b6a48-2525-49ab-83bd-232c6960b208.jpg,0
f02ef938-bce9-4fbb-9f0a-0b8df7b186c4.jpg,0
2a16f2e1-103a-4a91-9917-71a15013d95e.jpg,0
51bd18b4-8f7a-4dbc-91bb-613f0849d275.jpg,0
17b11836-c8d5-4b31-b14c-22f978df4b3d.jpg,0
102c5285-2890-49aa-93c4-66d8df44525b.jpg,1
256bbed9-199d-43e4-a226-d4f9d3e8bcb5.jpg,0
420068b3-0e9e-4fdd-9bd2-7d907623a020.jpg,1
3f1bcb09-3c73-432d-bfb6-39ed497772c2.jpg,0
cdceb404-08be-4855-8338-a92c533991ba.jpg,1
dc6260b8-a6be-4293-b65c-608fd83f5c8c.jpg,0
4df834bb-7aa2-410d-93dd-1eeb3b2db850.jpg,0
9feba8ad-76ec-44b7-8d7a-433b4f2f21ec.jpg,0
78d83078-2a04-4103-be0d-a27d1f892d13.jpg,1
7f6e078c-2446-407e-aa18-b921714b56ca.jpg,0
91096c46-de5c-4c6b-86bf-d07b03c913b5.jpg,1
f8cf367a-09fe-43ed-b486-92f8df342847.jpg,1
22eb689c-7684-422b-95e8-b8cfb4492b77.jpg,0
5930dbf9-bd23-4d7d-98ac-c932e9f9efcf.jpg,0
7f32fb7d-a868-4de2-a6a4-0381b35d1857.jpg,1
e006a85c-19a1-4ca7-8feb-9f4bfeb29694.jpg,1
517c6187-82ed-42a1-9121-61c21969b6b7.jpg,1
c80ecde2-0494-40ff-a6d8-94414d8faf3d.jpg,1
533ccfe5-a769-4434-ac45-087309273287.jpg,1
bd55e2a6-9b68-48ec-872f-194dc9667f11.jpg,0
89636ae4-1223-41b0-80e4-d7acc99bed7c.jpg,1
d96a9b8c-8a79-47ba-9f96-baba03111033.jpg,0
843aa328-1160-42ba-be2b-b0a3f5b071c9.jpg,0
b6c748ee-7b0f-4326-905f-5b2f2362c1f8.jpg,1
25c9ba5b-f6d3-4f17-a16a-c3c96913ff84.jpg,0
5b669327-eec8-4d62-a3c0-ba483f369de7.jpg,0
665adb46-ff3f-40ed-b489-8a84d67106d0.jpg,1
214d9d6f-3144-465d-bf18-444ea088da45.jpg,1
fa78d800-cda9-42f8-8300-a0d3e3dabcb1.jpg,0
889c2bd0-6366-4d14-9547-8d3fb390619a.jpg,1
5c1205c2-ac72-49a1-997c-86a116c9c36c.jpg,1
35502be0-55ac-42c2-8fb5-c596af84a684.jpg,1
921a035b-7e5e-4260-8d0e-3e46ce8decc7.jpg,1
4def11a3-7159-4953-918b-c9d1f275533e.jpg,1
b65fd7f7-e4af-4249-9db7-01b732e4eee7.jpg,0
e7131a3b-64de-438d-a1fc-0a5a65f19196.jpg,0
6fe40a11-29d8-420b-8bd2-0269c923a2ed.jpg,1
f88b3b4f-fd42-4428-9ce1-428542669b8b.jpg,1
ecc2b539-bafb-4e4a-844b-c74560687b5e.jpg,1
617309b1-0050-46ea-8785-65f59f29462d.jpg,1
3b02fb3e-9a1a-49fb-8c55-0d2773a9b954.jpg,0
113fc78f-581d-4a64-a233-638873ec5f80.jpg,1
7a4fe899-4f95-44e6-b28c-1dfe9c21e152.jpg,0
1755a9f4-f87e-4dd8-80ef-47c32b186fb3.jpg,0
256462f9-9d84-42f5-a872-134e74b67267.jpg,0
cdb21b08-60a3-4bdc-bf00-3528a2675856.jpg,0
26759230-4a00-4646-a9ce-2d54bc63004b.jpg,0
33f3cc73-cecb-403f-a43d-c15aac65b10d.jpg,1
e4057e59-e215-4948-8d34-2a127aa9dae8.jpg,0
6ccfffc0-3a8c-41be-a723-2be06583b19f.jpg,1
538eb232-4b6d-4c25-b85c-47e963b8e7a7.jpg,0
21c3aaf7-8fe3-48c9-9790-9897092a6f3f.jpg,0
9a369965-38f0-4a7a-8919-ccf158f9b2a9.jpg,1
b80b7c44-b917-4c7c-8d03-73f6c3fc36a1.jpg,0
b26b52c1-fe46-4604-8365-ca831025ff27.jpg,0
32f4f62a-e0ef-4fd9-93fa-93e4bcdb02bf.jpg,0
83a96945-09ea-448e-a847-a3aa2b815e7b.jpg,1
97848ebc-3a43-49d4-900f-996ffae11071.jpg,1
83071f19-8c58-474d-a007-45e288935807.jpg,0
565da40a-e39b-4f46-a679-7f12e0062e51.jpg,1
42cc7505-3a42-457b-8475-f3bd48912a6a.jpg,0
600688f4-cebf-481f-8308-dbbe78247219.jpg,0
08cbaeba-74ba-4311-b72c-7380fb7afafa.jpg,0
8dccc28a-9024-45ff-a196-ed081203b93f.jpg,0
ad3f5d30-60ea-4dc1-b70c-d7f3a5403b2a.jpg,0
e19bf8fd-ef91-47cf-bd7c-b24dc6a7dcc0.jpg,0
92b72fab-c5b9-4cd7-9f8f-326216ef0aaf.jpg,0
fdec9dda-85e6-47fa-a55e-1f26b0b3415b.jpg,1
20b20225-791d-4ebe-bfd9-caa875ef5fa6.jpg,0
365dbf71-f41e-4b8a-908d-1d6dd0ac829f.jpg,1
caada0ad-2981-4e22-a656-d1adeee60ee4.jpg,0
39fb1fae-045b-4ea8-867f-75cf78cb160c.jpg,0
65ebb09c-bb4e-4607-95f0-1b0f722a865a.jpg,0
78616533-8090-48f5-866d-00acfe485ebf.jpg,1
1e42f19b-4e64-49ed-a86c-4b53021cb952.jpg,1
7fbb0704-a738-4aed-b0aa-02365f4a4344.jpg,1
9678ceb2-5e28-486f-bd77-7d1edb2775ae.jpg,0
02ab6839-6913-474e-9b6c-01590592eece.jpg,0
cd1dbaec-ce26-40d6-adce-eaeba51676b2.jpg,0
8e90fe14-f636-431f-987d-e5192f556b96.jpg,1
1144931a-0975-4b80-9201-36dfe47b7849.jpg,1
2a8916ed-a040-4ea2-9da2-d3bac08ebaf3.jpg,0
dfb37718-4cae-42b1-8c37-abbd6c7b7c33.jpg,1
358ca431-07ba-4fee-90de-987b8d79a75d.jpg,1
f4b07fd6-c480-4329-a7f1-d987f76ea707.jpg,0
f1d89182-3ce2-4876-be70-a39026503e7f.jpg,0
23627301-daf0-40ac-b5de-846ed24daf25.jpg,1
a1d456a9-7a28-40c5-bee9-b2b53478c019.jpg,0
31cd6aad-3913-490e-84ee-a6e9724b88ea.jpg,0
cc7d8ce9-83f2-4e26-868a-0fef45a4d0d5.jpg,1
5a1f3d7d-49a9-4d7e-aad7-8c2e0c43385e.jpg,0
1788d61a-afca-4cf8-9f52-efee04999b76.jpg,1
562b3c73-d852-4911-868d-0a5bd9ae351c.jpg,1
ceca4046-38f3-4d0f-9457-05721fe9a261.jpg,1
674399ae-e92f-478e-88bb-f690c093b771.jpg,1
ae774235-1450-49a6-97ab-a372d27c37aa.jpg,0
12c26876-0a6b-4969-b879-174112ca9761.jpg,0
d1e264c8-4b89-421f-949d-3bda094b7180.jpg,1
a23938d4-1e5d-4c4d-85d6-1080eba19395.jpg,1
afccc568-1249-492d-ab73-8bfa5c0b6055.jpg,1
a70d195d-257b-4a6c-9eff-a1093a754631.jpg,0
0cf63e0e-8a25-4e33-8c22-c693d60502dc.jpg,1
093e3546-9626-4481-95ea-c6a0d8ac1ad1.jpg,1
77a9f618-02a8-46ef-8861-c439f932a78b.jpg,1
06159154-ecc9-4f84-a311-e4caa68d0f2c.jpg,1
8703f4d1-73e4-46de-b1ae-d463225ee6f5.jpg,1
605d9b7b-c851-4b8b-a7c9-3a21510aa95d.jpg,0
af873a61-ca5a-4b4b-8a1a-92b572e83684.jpg,1
ce0782eb-0d56-4cfa-aabe-30dd3d529196.jpg,0
bf36c2e1-b3c4-485a-89dd-d546280ed2da.jpg,1
fffd7a1e-c4ca-4ca3-8f8c-eca2f75188f4.jpg,1
34f9f3b4-fc36-4ba9-b5a5-6dd8bfbd2f04.jpg,0
22738945-536f-405a-b999-9b1b4e675911.jpg,0
a8a941c0-f146-4949-bf66-1d19b9762bce.jpg,1
08761116-3c39-4468-b1a3-13315e24ffc0.jpg,1
3ce496fb-b136-481c-9fc7-352a62909c98.jpg,1
ab1558e7-9141-4ddc-b512-cb98a355b87e.jpg,1
b5a6c3f7-2e26-4abd-8d13-dba68a3f39ff.jpg,1
69e9b18b-6fce-4ce9-981b-0bca7e83bcea.jpg,0
e7142997-138a-405a-9360-1e892a122cba.jpg,1
052f2ba1-b91b-4349-b98c-cf6c35716f20.jpg,1
1deba8d8-bff4-45ff-8b42-b38c87d446bf.jpg,0
1fcf42e1-2377-47ed-8223-a2129eda5eb9.jpg,1
2a1c5354-8404-4e3a-8469-165850e214fe.jpg,1
6bbce0c6-c5e3-47d8-a99e-7b7066ea00f1.jpg,1
9b647bee-a034-46e1-a262-349cb623528e.jpg,1
a0df8519-6361-4874-8d19-ff1e0ceaf916.jpg,0
17d940a5-11f6-4ba1-9ac7-553091ead074.jpg,0
cb170c54-9e11-46c6-989b-adeb778c298a.jpg,1
de94f991-04cf-45b7-abde-af166e555427.jpg,1
429c8546-f8a9-4435-a6f1-c901dc3b2ce7.jpg,0
9449ffd3-82f1-404d-9cfd-09920f534165.jpg,0
8a422f5a-ae21-43f8-ab89-d4a82d44c23d.jpg,1
6821fec3-2562-44fa-97cb-38ee29a16b13.jpg,1
348ebc07-ce1e-4a2b-8734-0fd64f230b19.jpg,0
5f6e40ef-8588-419d-a8d7-2447cd9823a7.jpg,0
795f9dc7-e68c-4840-a0eb-04630cceed36.jpg,0
ee5aeca6-223e-4358-84ec-a1c71da09983.jpg,0
4770f175-efed-4812-8a5e-ce4bb748c603.jpg,1
19eae0c5-1033-4c00-b7c7-e3b140ee42d2.jpg,0
5732df89-46b9-4945-a1da-142e7cde8155.jpg,1
641852c8-36a2-486c-b710-4bd1f6946d41.jpg,1
3a32e038-f84b-4159-89b3-b516c6ed4b4e.jpg,0
01217593-8396-4ae0-a5d0-f3010d3e4069.jpg,1
ceab63e9-310d-4ec5-8fa6-9b9e9c910191.jpg,0
8a3e013f-1247-46ab-9b35-955d74c90d24.jpg,1
d27e9a7a-e2a3-4cbb-b472-5a04cd1e7dc9.jpg,1
4c082d9c-2110-47ad-8e2d-d4b474ffbb2b.jpg,0
694abf72-f54e-4173-913c-af7537a7af7d.jpg,0
c470d42b-2734-4d4a-abf3-2943afe328cc.jpg,0
86f5be31-a1ee-4715-bf7a-c1a721e92983.jpg,0
9fddc009-a01b-409a-b49b-015147c24047.jpg,0
707788a5-d1b8-4316-b659-f78ddf429c07.jpg,1
545c87e3-335e-4ad2-9807-df482e113179.jpg,1
4d5509f5-046f-476c-82dd-4b2dbdd074f4.jpg,1
8f47ee06-5b4f-4c7d-a86c-2b1ae7c8872a.jpg,1
3019b55a-d9e7-47c8-91f6-599aad190da8.jpg,1
fb3e77d7-979c-4ff0-826a-97d8ae46e45b.jpg,0
25a0fa95-22e6-463b-a239-4834056f38d6.jpg,0
62464361-0178-4d45-9dae-5fd5a2713519.jpg,0
140d969b-01f7-44e8-888a-da1c7fca4b2f.jpg,0
f68b6eb1-e2ce-408d-9471-cf9867d11b52.jpg,1
7825d4b9-13d1-42e9-bd54-06af5de77689.jpg,1
bba8980d-47d0-49ca-bc53-f0c5cb54d53f.jpg,0
52f86680-768b-4a51-9a21-87bb4a213d2c.jpg,0
2eb53a20-19a6-4b29-a6e2-0d56215a886e.jpg,1
4416a1df-52f8-4e7f-afad-e2390d0d432e.jpg,1
3d22ef68-b42e-46d4-bf83-27c48109567f.jpg,0
bd514673-a371-4dc3-9ea9-17eea5338906.jpg,1
8227819b-d74b-4637-9208-a25fdfef0e40.jpg,1
f77bd44e-e41f-47c3-9490-945a221c106f.jpg,1
d7bdb3c7-4d9f-4b86-956b-11dc870ff412.jpg,0
330d58d5-e96b-4ccb-95c4-e64b53d70c2b.jpg,1
0117da74-d304-4145-b3c1-831dd8cb22af.jpg,1
49622c0a-d4f7-443e-91bb-d20e98680b51.jpg,0
e1fa10e6-b10a-4327-88d8-a8937aef6d7d.jpg,1
e81db616-4986-4d4d-9c69-3e777ad07e45.jpg,1
467f08ee-8914-4746-913f-25ae8d4fe57c.jpg,1
dbaa8665-7f4c-490f-9836-2f75ee445d1f.jpg,0
44ed18d9-c504-4bc4-b3b9-82caa225eb71.jpg,0
05f2b4a4-7c54-49e1-94ae-17d1d226f68a.jpg,1
b80c1127-76eb-4fb2-b95e-da534cdf0458.jpg,1
f135e900-fa6d-4e3a-9126-7be7d72b46b3.jpg,1
0d22d551-c6ec-45a8-bbea-5ec7b0e8d8b8.jpg,0
264ad6e0-cc55-4c44-b840-d918279a59bc.jpg,0
841f3367-d7fb-44b4-a6e5-a877ad6274ad.jpg,1
17f4657f-c0c8-4300-9a4d-357812ac096b.jpg,1
b7a064c9-a864-40b4-b382-ae3b507bdd2f.jpg,1
7d6fbb81-6eb2-479e-94e5-d450c4094980.jpg,0
b75c6d4a-963b-4fee-874e-d3ecc49378cd.jpg,0
5b50050a-eea5-49e9-a765-cc59d2b4a0ed.jpg,0
065977e6-8226-48dd-b607-d98ed3364f90.jpg,1
f178d38e-2d5e-45ee-b53e-1c8e205e443f.jpg,0
8cc8d048-fbe7-42b6-aaba-1e79e1e3a44a.jpg,1
69173c03-b8d8-4684-8c1b-b22978db641b.jpg,1
1ff2de4f-9ce3-48ad-ad38-28a3025f893d.jpg,1
552d3893-4ed0-401e-a8e2-caee6b4fb6c7.jpg,1
f9acbb0d-b0db-4a96-8195-5bf6ef38eecc.jpg,0
42a6b2b9-fbc6-4abd-b9da-d1e59b7aee72.jpg,1
0ab182ba-0c45-4341-8048-306e424c8bd9.jpg,1
4a9a668f-1384-40b5-a101-b1dc4ca8aa84.jpg,1
a04eb04e-debf-474d-9baa-082e4714a80a.jpg,1
d7475d50-4ec4-4ac9-86a7-a75cafed9e77.jpg,1
0492e863-5025-4530-9f73-eece3caf3668.jpg,0
470f462f-df0f-4dc9-914c-1c933ef5dd07.jpg,1
62b0b581-9742-49d2-8862-85988bb4a185.jpg,0
2066364c-041e-4f0c-9cf6-e74b5e51b11b.jpg,0
f9d4e228-e470-42f1-addd-b0a9f7582e20.jpg,0
b4487a2d-b372-4c3a-bf25-9fe4a70fa88c.jpg,1
9153a40d-9a76-4c3a-85fb-02d9b31206c8.jpg,0
25648330-a102-4471-b3d2-005198f4c1b9.jpg,1
d00ac608-64d8-40db-b932-c41bd9633272.jpg,0
b67e0eff-b3bb-4fb9-ab1a-6572cd260adc.jpg,1
b33a5814-c1f9-4dbc-9a05-7375245a3c0d.jpg,1
2c3ecfd9-1d91-4b48-aadd-bde00766bf45.jpg,0
e4d98d96-0607-46aa-bd17-ac712b66f054.jpg,1
5b0163fb-1d01-4923-9ff5-3d883d612895.jpg,1
aa6f72af-4dfc-412f-a1bc-977bc41e94b7.jpg,1
48c5ec97-a513-463e-8556-5a1f9ba048df.jpg,1
b200cde2-b263-45ac-9d68-d75d91f4753b.jpg,0
02cb6628-c401-4bf1-958e-3f61d85fc643.jpg,1
3e5d772f-1a0d-4a07-ba69-b091d8908ffd.jpg,1
413653dc-6f3b-4aa8-a4a7-8c9700e125a7.jpg,0
6b2d123e-a654-4a43-adc8-eabdd7c7871d.jpg,1
f9ef667c-a8f4-461d-83b0-d2922beced53.jpg,0
772e3919-e776-4f39-9366-59ed41ce9da6.jpg,1
f2c2508a-c6ed-4fbe-8c22-cd2e9ae2e184.jpg,0
4f737077-b7d2-4d56-9d4f-305a20ffd999.jpg,1
2c0a7b05-e66a-42a1-af25-eb9dc54b81e3.jpg,0
54e6d3f8-1ab3-45b7-9fef-dbd6a740b7d6.jpg,1
b11e2a6f-19ac-41af-a2e3-7769070c4b41.jpg,0
205cf509-62b7-4c25-98cb-0ba247c69471.jpg,0
fca7b1b7-e49c-48e3-9528-654c8de98454.jpg,1
5c1f445b-a174-4ce8-bbc1-2c2b8ad99ee4.jpg,0
d417b66e-556e-4f49-b053-daeab1b6ea97.jpg,1
d19616f9-5f57-44a9-80db-ed69d1bcd0ea.jpg,0
55638c6f-e1eb-4e72-8b15-4485d270a294.jpg,1
cbac8216-c8b0-4409-924e-efabddda1298.jpg,1
0c21ca23-cdef-4b4f-83dd-03b4afef517c.jpg,1
0e83bed0-4a86-4bf0-84d7-f33448b5fb82.jpg,0
9638faef-9418-4c0b-9721-01f20c22ac5d.jpg,1
d099cbaf-68ae-4fff-84c4-f5f7353c67d2.jpg,1
7739bc71-bfeb-4f25-a007-c2738c0d08ca.jpg,0
37498feb-5620-4170-a881-fd00f06e8b67.jpg,0
aa905967-b94a-4860-b6f4-287a3fea66c5.jpg,1
55852bfb-2680-40c7-af15-b6421e960cb3.jpg,0
f4d38670-4c52-4461-8ab7-fb96d9f5b2af.jpg,0
0bebab81-6a2f-417f-864a-6fce22b97b70.jpg,0
e413aec8-7a3f-4c3b-a104-71d98d044a61.jpg,1
f16d799d-ea02-498c-9240-52279b0d09e3.jpg,1
93a760d2-fbca-4f47-9b8d-f0fbc032145c.jpg,0
838c3551-de60-4013-991e-7ae9e3542705.jpg,0
13b67bdd-ae04-4de9-95f5-651f8b8d3eaf.jpg,1
9221c83d-8587-4881-93d5-4e85bfaa9361.jpg,0
06aa06b6-44db-4ef1-a28c-e3b9f8e2573d.jpg,0
5ab2cafb-a863-4a6e-9192-325351046be4.jpg,1
58302f4b-5627-431c-a1bd-213af7218b72.jpg,0
8960e35e-0269-4684-aa87-89d62971cf4a.jpg,0
a9173b0e-cdea-43b9-aae9-9a48a08bf70b.jpg,0
dc1bac44-191f-4b75-b8c1-53fa5d75ec21.jpg,1
16678d21-3000-4c53-8fd4-34fde77c9d14.jpg,0
71862a96-9d88-4833-b69e-7a61ecb464b7.jpg,0
3490561a-1a8c-4063-8c5f-ef639abfa46a.jpg,0
f9c26aed-c694-4f3b-a538-460b1538e8d5.jpg,0
a2b73b1e-76e3-4902-92cc-10392a43d164.jpg,0
4c1939df-8edb-4a63-aebd-0c37424270a5.jpg,0
5ec4cd3f-8f43-43e8-9c48-a81a99a103cc.jpg,1
4e11a47a-9b43-46bc-8732-4b0476d576fc.jpg,1
9bb97326-721c-4f40-b1af-1e0330d84cf4.jpg,0
64e1b91c-f323-4667-aa1a-68896b517285.jpg,1
c2035be6-afae-44bc-ae2f-710c0e83f486.jpg,0
04684e72-ee70-422a-adc9-f4bcac74b8c8.jpg,0
2447bfc4-6b2c-40eb-9af5-fb6780153698.jpg,1
81d689f7-08e9-489e-ab86-1565dca4d58f.jpg,0
927ad7ab-b238-4813-9ddc-ef21a92e927e.jpg,1
8d0165b0-4766-41fe-bd89-5099ada193c5.jpg,1
2bf9f178-b89f-4be0-b066-f0c6ac9c70ec.jpg,0
c1cbdbd9-ca8f-4667-a588-8966fcbbb115.jpg,1
9a7aa916-da06-45be-bdaa-47c9a3d670bc.jpg,0
1faabb44-1db6-40fd-b84a-092ae91a8f82.jpg,1
569b0648-a79e-4dc7-aea5-8fe5a381988f.jpg,1
7de78957-0981-4f3c-9bac-f3ce488a1c6b.jpg,1
bd487be8-cad1-4ec1-a7e9-4dd6b8961805.jpg,0
88031dbd-81e2-4097-91f8-dd0f524fbb49.jpg,0
50b15479-ffb1-433c-b74d-844657a0cb75.jpg,1
00ed1427-5ed2-4135-9e58-75de8ed8e08d.jpg,1
0aa8a06a-21f1-43ad-8a4b-33b6b17c0578.jpg,1
124ca9cc-c522-44e2-8a85-26b6b225cfa0.jpg,1
3e97f341-9700-4e10-a760-eac4f14e9df7.jpg,1
f6a92dc0-cb39-4596-95e4-6a5fc2847256.jpg,0
c5333e0d-1630-4e5d-9404-4f3afebea85f.jpg,1
b3e6f816-4263-42b8-818c-7f02b3dff0ae.jpg,0
89a0f557-6d67-45b2-a071-db9465dd915d.jpg,1
6da149d7-8f34-4364-bade-95dc121fb82a.jpg,0
7aa96d30-e183-4540-bb67-de0098c8e66c.jpg,1
979864dd-cf59-42cf-bea8-e9f720e532d8.jpg,1
2b302198-c8b4-4a2a-a161-f1e9231a5463.jpg,1
c02b4043-a084-40bd-bfbf-b97fc2e20e73.jpg,0
91e3be39-5ac4-4261-ac82-c20c74c29ada.jpg,0
440e53dc-2dc6-4986-9ea6-a8c56633cfd7.jpg,0
dd480a08-6e96-479f-8cb7-42acb892ccb7.jpg,1
63bf3331-871f-4d61-ab9a-495b2c369752.jpg,0
de140df6-9c17-40d1-9097-fb542992c16e.jpg,0
0c2024c0-0c6c-49f9-87e1-25b59a6af0b3.jpg,0
f354b556-6c40-4d6e-a4c3-e89f61263a7a.jpg,1
930cb51b-82c6-4167-be52-c33b941c01ce.jpg,0
d77d7a7c-a97b-4768-ae8f-ccbcc9687921.jpg,0
6a71cc35-5f15-4ffc-bf61-95a52e44e3b2.jpg,0
739eea21-5cc6-4cf0-aaf0-1ee8ddd4608b.jpg,0
19f2e4a6-5968-41ce-b4ea-4c50e227b5bc.jpg,1
4b168f52-2ec6-4528-9456-d4fe11242ec0.jpg,1
93e6f07c-0e79-468c-bc9c-8da07e243605.jpg,1
248f6ed3-f8b7-45c2-b9e7-e705288280d2.jpg,0
294768ae-ee8a-44c8-a6e7-0ddc183c8b7e.jpg,1
f24a1ec8-a20d-4c39-b36e-31bb4a69b0f3.jpg,0
52d63bbf-df66-452b-a893-e2bb125a87a8.jpg,1
dbd2dc0f-2f02-4bc5-af33-92303d204019.jpg,0
6d43948c-1f6b-4652-a318-55c90b93e27f.jpg,0
f956a889-a7b8-45a4-87dc-990f205aa96d.jpg,0
ff4c2b28-eb77-4b33-9f88-cd14e0ba631c.jpg,1
23b985c0-607d-4f70-ada1-cd8683eec53c.jpg,1
a358a154-bf54-4065-ae54-56823069d38e.jpg,1
188dc320-476a-4523-954a-fe8259f82e9e.jpg,1
5fffd21b-5cee-45e6-9ef1-910bebf08ada.jpg,0
22f02a82-2b9e-4d74-9091-487e7c9a4256.jpg,0
0f78b746-73b3-4fd3-b355-dee6c18ce40c.jpg,1
19deba6e-43be-486e-a816-a9ba21c0f8a0.jpg,0
85192da6-3894-4592-b096-25d4b2636c99.jpg,1
1aa39185-7c77-4442-9b42-ac3f6d1bfaf9.jpg,0
53b42faa-9b94-4cbd-8215-a92564511ba9.jpg,1
7d6d35a6-0fc0-4024-855a-426e3e47f09b.jpg,1
b197b57a-29f7-4f3d-9089-1e76f6790a23.jpg,1
dbff0d6d-b60f-4217-aa53-8fa9f332279e.jpg,1
176d515d-8c23-4b02-93ad-cd14e1c8c1b2.jpg,0
a64f063d-9e9e-4dbe-9031-0fe03da659f5.jpg,1
062ad92c-90ee-4ac1-b1c8-2960539d0f17.jpg,0
838e107a-100f-4e33-84be-6f50cdc7d63d.jpg,1
66b973d1-1383-4ae4-9543-8c9d8406049d.jpg,1
9f592696-894e-4bc6-80eb-7eaac3f3d98c.jpg,1
0b405235-3d49-4423-9181-65a12f2c15f4.jpg,1
91040996-c688-42dc-b3c2-db3b0d14782a.jpg,0
04419963-67e6-46fb-9fa4-6beb334bb818.jpg,0
8c9cb514-0261-41d8-9cb8-f2bd85360cb8.jpg,1
6675e4fd-4198-4c41-8e8e-149bd717518e.jpg,1
b70dd01b-f410-488b-9231-c70356f15649.jpg,1
3887702b-b5a2-4e79-947f-c72998e3ecde.jpg,0
453fab4f-ae83-4034-bde3-2bd326aead82.jpg,0
732a36e5-a477-4ae0-aa7e-7a34f8424008.jpg,0
70b0a0a1-eb78-4a6a-87e1-33247f4cf448.jpg,0
a1481977-3ff0-4ee4-8654-c9f4194a9acc.jpg,0
585ff9e9-e166-49d3-a31c-1ddaa912e06d.jpg,0
2a8111a3-94f1-4c83-bec2-ed04b89d82d1.jpg,0
1998dc8c-5a93-4924-aae8-2269d6451003.jpg,1
9ebb1dfc-a6a2-4a94-b0bf-aaa9810b0422.jpg,0
0d0b4974-446a-41bb-a70c-46b13cbb90e0.jpg,0
af07bdc1-5281-4279-ab0e-29bdde5c4a1f.jpg,0
56e14900-18c9-4895-b623-ffe7fe8403a0.jpg,1
4834ba86-4768-4d4f-8dcb-036ff2679547.jpg,0
d5ac94f1-e232-4848-a399-a88f219e4e29.jpg,1
8e3ebe77-b56d-4c1e-be66-8e3679dd06c1.jpg,1
2058c022-8ff5-4ab6-a932-349a5c5044dd.jpg,0
996c2ed3-d3f3-472a-99b0-84403a8498ce.jpg,1
7aebccae-2b41-46f9-9d6e-98794a580212.jpg,1
e1c62d90-aacd-4625-a0b9-0490b9ed6224.jpg,0
c3d2648c-9c13-484e-ae06-30ace05fc651.jpg,0
46a71198-d3fc-442d-9704-e1fe4e273885.jpg,1
6467da28-a41a-4760-9f7e-af15468990fa.jpg,1
1464e137-435f-4773-96ed-124615eeccea.jpg,1
752929a8-4899-4772-9966-1eee3e6e3b8a.jpg,0
ee570790-53d1-4a57-b220-c4c16d8bb557.jpg,1
7287039c-d159-46c4-b8e6-77c3d066fc55.jpg,1
06b07dac-0e85-4593-a108-5bf345cf3d2a.jpg,0
ecda3902-3d48-43dc-a205-d3e986a04b7d.jpg,1
26f681b5-03d1-4d03-bc71-1de394dc7f7b.jpg,0
5b0bc9e8-d3fa-4b02-8dea-8370a68a486d.jpg,1
3a9ba7a2-fa92-408e-a497-488456b049ee.jpg,0
075d02b7-6bbd-487c-82e8-46fa8c753a93.jpg,0
0244e16e-356a-4173-976a-7fbe004dff35.jpg,0
0038a4c2-a059-4801-bd58-0035c14eefe2.jpg,1
c0504ff1-7fd2-40f0-b075-938176df01d9.jpg,1
7a8745b6-f98a-4360-bd38-58c594a019c7.jpg,0
3f379938-c2ae-4131-8785-11ae2c9372b8.jpg,1
bece4746-9e4b-4ea6-aec6-071810f9da14.jpg,1
a76e7347-8494-426b-b30e-93356ae3f0da.jpg,1
0ff7df55-6185-460b-a6f3-b3f122a24a88.jpg,0
bbb65bb6-97da-4367-a17c-3d8d467a9182.jpg,1
8aead7c0-2b44-4e1c-b8f1-78d9b0726dfb.jpg,1
cad491c2-ab0b-4834-a14d-43cc6419ee24.jpg,0
ce9063d1-2f3e-4e89-bee1-5c45263139e2.jpg,1
041e9468-1865-4021-b9d2-2f0a21963a54.jpg,0
e89d960e-73c7-49aa-a466-6ea0b0269958.jpg,0
cd24f84a-20c8-4923-9364-a8123394df55.jpg,1
2223fc36-7d7e-40e4-b668-ed550f368cd9.jpg,0
e0a95ff7-cb88-4d64-bc3e-5288477ab069.jpg,1
6af4127d-3d7b-44b9-8ce9-2873011ef322.jpg,0
3271ee4b-4fa8-4d0f-81c0-0985cfdf9ee2.jpg,0
eab42064-f071-4673-bd55-fc860d03efbb.jpg,0
79002f55-bc6b-4918-b19c-2156fc82f8ad.jpg,0
95c5bb3f-5084-49b0-827f-1d8086335e0d.jpg,1
38c00aea-8e95-4c46-b4af-77d3540c0f33.jpg,0
5c58316f-be7c-4540-9ae1-747bbe6562d0.jpg,1
3a2e4937-08e2-4d6b-aceb-2ef57a1813eb.jpg,1
c2f9c4fb-af0b-41a5-876f-48dd33f3ad1c.jpg,0
416683a2-55fa-425e-ba6e-a88c8be8f618.jpg,1
8904c97e-3380-4715-9bb6-57519ff1862e.jpg,0
5993075a-7e2d-44bc-8b9f-ab5f8f43ee81.jpg,1
2998ef03-a546-4458-907b-bfa782d1460c.jpg,0
77d75285-8570-4aa4-b302-c81d7d19494e.jpg,1
e161ce22-977b-4431-be01-9cfd7ea473d4.jpg,0
9216c59c-222f-439b-a0de-8baf1e187887.jpg,0
97605e5e-50f5-426b-8701-d56b1090a215.jpg,0
ee8a9081-6f07-4ba9-8e69-67ea9d508521.jpg,1
aa99aecc-b7c3-4246-abc1-5602d1746535.jpg,0
ff73e9d8-43b6-47ef-bfc9-ae3d5e4451ca.jpg,0
96ccdcad-94fb-4313-a714-b9edc7641951.jpg,1
be85b1ea-542b-4130-929d-994a57249a9b.jpg,0
20af12ef-4974-40f1-9729-79564d8b50af.jpg,1
3ed93067-0493-44af-95ca-039886e55237.jpg,1
fe9bd2d0-41b7-4b18-a877-9f18b98a60cb.jpg,0
e817e468-a635-41bd-8ccf-5d31d29fdbce.jpg,1
c2c2bd3b-3538-45db-bcb5-c43cb59f4cf3.jpg,0
fcff956c-b97b-4383-84ca-2bb86e60d2d6.jpg,0
7c9cda56-d802-4550-b848-1749fe714a66.jpg,0
3bf824d3-1fde-4bd7-b90a-60b8e60841d9.jpg,1
f350294f-0935-4db2-b93c-bee64168672e.jpg,1
f343de53-fed8-40dc-ac82-77e348fcacf2.jpg,0
cf02ebd4-8dcb-4d92-92b3-8d1a67f4340b.jpg,0
f8c4eb2d-1ca9-4b33-8ff0-ba4eaba662c5.jpg,1
b525469b-6c53-4018-b5bd-f9c42c76cdaa.jpg,1
3e92ecbc-7e87-4e0b-aca6-dcd18eed1348.jpg,0
a116fee8-bf55-4f98-9668-e33c0bcde8d6.jpg,0
63138c58-7ff4-4254-822d-36358eaaece4.jpg,0
58025531-1844-4462-a621-f78de83fd088.jpg,1
89c6e884-30ef-4f0e-97cd-69a195434103.jpg,1
d961d4cd-05f9-4250-a398-6f8d4b357933.jpg,0
56368a8f-d88c-4045-a2f1-3282acdb2081.jpg,1
b8c565e5-87f2-4288-bd74-aa151622feda.jpg,1
31aac420-83c0-4f28-8258-6847163ae512.jpg,0
e0821ce7-be95-415d-8021-32ac41ab8e0b.jpg,0
67a83f07-eb5b-4ba0-85be-5fb7e9d7f165.jpg,0
c08b288c-65ed-4409-ac38-7d690d5dda60.jpg,0
194e870a-4562-4bb5-a60d-b443610c72ee.jpg,0
a3fd6d1f-2635-43db-9572-bd2f67b6ee56.jpg,1
412dd15f-ead9-4868-a2b5-d37ec2491fe8.jpg,0
f06b30ef-3075-4c94-a4c7-dc573c7827f3.jpg,0
298563b7-742b-4f67-8ebe-32e71caeb077.jpg,0
7b495e74-0846-4e7a-8383-9c3e51211361.jpg,0
597404d3-6c2d-4aff-863d-15419c07d2ae.jpg,1
c45571fa-55b8-4074-872a-15906712d198.jpg,1
541f6622-2d9c-4c50-8f4c-3db4026babdd.jpg,1
65f6f46c-1e25-432a-a9b9-d48b383a0e8c.jpg,0
d3a4d5b4-2c89-4bdd-a8c8-73c70142e5eb.jpg,1
c5d895e4-ed04-4b55-8756-10f71df6b822.jpg,1
2126146d-9016-4207-9530-30e551f452a1.jpg,0
cffb0ae9-2c0b-42f5-a3fe-7ae3de33ea21.jpg,0
5a34c706-d88c-467e-9fc0-3150d26eca45.jpg,1
86e2f491-7962-4f21-844b-dad2d176f01b.jpg,1
8a92c5c8-d29c-415b-900a-a6c08691c4eb.jpg,1
26281324-1237-4084-b844-33e3e3c4936e.jpg,0
51627e59-75b8-4a3f-9614-9cf8b636d188.jpg,1
595e5229-0520-41f7-8219-ba2276acf7c5.jpg,0
a99abf01-2fb0-4e09-b6e7-fb2355afd099.jpg,0
e2aa122e-8699-4ceb-b025-0f390954b821.jpg,0
21891830-184e-43bd-ac12-f7bcac539d1c.jpg,0
9a7099af-11d9-4fbb-b90f-d9c1f13480b6.jpg,0
e9bf8166-accf-40f2-9bb3-aaed59633e63.jpg,1
85ce3d7f-2568-4121-9f65-02a07cd65cef.jpg,1
a83600cb-41b4-4081-8915-756a92ec8409.jpg,0
6474ab15-1d91-4fce-90eb-f13c618cbac1.jpg,0
ffdec12a-726e-4d10-a8ec-8fa684ffeada.jpg,1
e6ca8c49-1cc5-4bee-b3d6-954798bb0528.jpg,1
36320a9f-8a87-47f7-9362-472d6673c665.jpg,1
4b31dc0f-2d88-4d73-ab8a-cb04870776b6.jpg,0
724ba256-95fb-46ac-a7a3-073e97f7bdaa.jpg,0
617f0c1d-3e12-4f88-bf34-953038e08a0f.jpg,1
95887132-3b42-42e2-a3ca-1f56c48df415.jpg,1
251511f6-4b0b-4176-9455-7a0ca81db0e2.jpg,1
fefa9925-5dd6-45bb-bea6-b8f971dd46fb.jpg,0
789acecf-e6e1-435f-835b-12b16e217be3.jpg,1
a641a7ec-3fa5-480f-b557-0e32130825aa.jpg,0
3ec996dd-53c9-4bbb-8ff4-bc27af433d70.jpg,1
356fe50a-4860-43d8-93dd-347f223a9dfa.jpg,0
bc4a6ce5-0856-4b03-ab84-d563fc299972.jpg,1
d68a7619-5cde-4a25-a529-a0e61a277b72.jpg,1
b2e6a8bf-c029-464e-b78e-e69a32c5745c.jpg,1
217496b0-a3dc-412b-a84f-03ed834a5627.jpg,0
69b6975f-4a54-4a80-8b69-fa40721e48ff.jpg,0
66ead7f5-dfb0-4d42-aae3-d669ad19fa06.jpg,0
814a3a46-f827-4c66-ba55-7902cbe44c10.jpg,0
2031f7e6-9c90-4b94-abe3-f48512a875df.jpg,0
41820aa0-f525-46ad-bcca-bbfc67283d84.jpg,0
648a08b8-5a31-4b2f-af33-8386ad8bebd1.jpg,0
964043b6-aecf-4201-a942-359f42884c13.jpg,0
3a54e617-793f-4cd1-b09d-9f3af1eda2b3.jpg,1
657decf4-baa2-4c24-92b8-5bc82d1e8e54.jpg,0
9d68be1c-0d96-4cb2-a1ec-d2f2a29d01fe.jpg,1
210ce8a5-65d8-4271-9325-0db0408ce2e1.jpg,0
939ae614-0344-4eeb-9e26-8b11ed330827.jpg,1
26b31a13-5565-4f3d-851e-6891935820b0.jpg,1
d2c62d67-e162-4645-9db5-bfd7ab1b0522.jpg,1
20faaee5-5c2a-4f57-8d68-403c98a4b164.jpg,1
54d1e476-30b7-4dda-a35d-f24594918184.jpg,1
0392d8c7-16d8-46fe-b369-601de40cc05f.jpg,0
9f28fea8-813d-421e-b137-8100b3a62c9c.jpg,0
22a626bd-15b9-49dc-b3ed-9f7a72945543.jpg,0
d63ee505-d023-41fd-976d-f4b8c1cf891d.jpg,0
a3c43ca6-9abb-4478-87b2-bd14859ca1a7.jpg,1
467926e6-352e-403a-860a-1279479b9aea.jpg,1
c0e6e0e1-3be0-4f61-a1ad-6c0dffdd34f1.jpg,0
8ba0ffcb-ce32-4cf6-a9c5-d4825d1e5bc7.jpg,0
075a4df4-1888-477f-8391-4e750cea3753.jpg,0
545d006a-1783-4fd1-81cf-24be9aab5347.jpg,0
6d3380a5-05b6-4ba4-9757-346317570699.jpg,1
536ce16d-7bff-471f-a0cd-847ea6c09bf2.jpg,0
7ac21b24-2cd7-43f6-82ac-5e5d6634f9d3.jpg,0
06ea2a23-721f-4157-9c6b-c54f6fb32ae3.jpg,1
991c8775-6c98-43bf-8c52-b073358e9822.jpg,1
f58161ee-4426-42d6-bbb9-5a68ad96c85d.jpg,0
bf14c736-4d85-4aed-9946-2d9cce6899e4.jpg,1
0d22068b-098b-46be-9824-a5a7f6be908a.jpg,0
7b6a5019-712e-41b0-aa71-3ca906657681.jpg,0
c4ebc7e8-cd25-4d62-a4c1-93c7f0cdf50f.jpg,1
aa31c6f9-6daa-4a37-8c28-d4d1ba00a5aa.jpg,0
917acd64-c955-4a06-a16a-82216084187e.jpg,1
097f0424-e6dd-478a-b2f0-ce4575284b01.jpg,0
b66347bb-ff78-4083-aefc-88d2a1ab3239.jpg,1
75d9917a-639b-4741-ab06-1f6ba7552ac8.jpg,0
3aa809b4-1068-425b-b491-730759aeb8db.jpg,1
a9d573b7-549d-452e-b875-53f2382cca1a.jpg,1
3348591e-af4a-4e9d-a65e-35bac60b3cbc.jpg,0
4eb5d99a-8a0a-4542-b32f-83dd77c24c44.jpg,0
39d6547a-6b13-486b-a6e3-8d3f714cdf15.jpg,0
610eccdc-c01e-4f54-91a5-70ea896b86a3.jpg,1
b579f298-f5d0-42d7-89e6-c2c47b5ea58c.jpg,0
2df22d56-62ea-4fc0-8912-b06f6a33f148.jpg,1
ab74f4cd-bb46-408d-a06d-04aba34a5c85.jpg,1
1b8059e7-9a6a-4c48-8b7f-a5f877185653.jpg,0
7df88350-5f22-4afa-ae16-1835958d0710.jpg,0
72c248af-4595-46dc-97d2-54bb547682a1.jpg,1
80f6fb16-bd9d-4df5-8e24-a4ab18e17b63.jpg,1
116a0833-7d62-42e2-bdb8-320590946963.jpg,0
98b17dcf-d80a-48d8-8d2a-a644bb6a892c.jpg,0
207e359f-5cd7-474b-bb00-667df5c37e95.jpg,1
69c982be-4d58-4e3a-a22f-c83465b687f0.jpg,0
5cdb7ece-2792-4f47-93ec-579c44025d22.jpg,0
16f96eed-8eef-475b-9161-b6afb2a6eae2.jpg,0
29e17d24-f091-42f8-a7cb-25b87bd9a714.jpg,1
92b1fab9-b3de-4d58-a688-4138c055b90c.jpg,1
0ce8214d-0b34-4913-9cfd-e88511ff0130.jpg,1
41abef59-1ea6-4778-a7ff-fee4908212f2.jpg,1
690b5b85-10ef-4afa-936d-1d1dd2995e56.jpg,1
5f680764-c836-4e75-9ff9-2263a730addc.jpg,0
71b1543d-2468-40b6-af11-c9fcd6083f55.jpg,0
53718740-bb57-44cc-8520-c9f56e1ead59.jpg,1
a164034b-bbec-4abd-8023-0554ee1287cc.jpg,0
adf09152-8798-4dbb-a396-353af9bec939.jpg,1
4e4a6103-b2fd-4eaf-a7cd-a69de6996d04.jpg,0
bee957ed-5eb2-4c28-a7df-11ffc88cec4a.jpg,1
0160ca8a-9fc9-4af8-81a9-3fc7caeb04e4.jpg,0
3ce1cb70-5b74-4bdb-b313-a7165afee4b4.jpg,1
8ecca687-07a0-4694-91cd-24589b5b8956.jpg,1
b88552bf-1b4a-47f1-b5ba-4d5ba684612d.jpg,0
b43ccf76-e0a9-45bc-9497-ea557f952fa5.jpg,0
87aebf07-78d6-4acf-a5db-e0e3db568b30.jpg,1
88602c71-2fcd-41c3-9f29-3346f590a0c3.jpg,0
2dae2f5a-c76c-482b-93d7-a04b894f65d3.jpg,0
7f0dff1c-62e4-40db-86b0-aa391c5b96db.jpg,0
ebaf0669-1573-4639-b17e-cf3f8cee69db.jpg,1
864f9f86-91da-4dc5-8050-df6ae99ec17b.jpg,1
1a5a0c91-1c60-4e0e-9a2f-505eec66e1de.jpg,1
efe6a794-4a37-4e0d-a8a9-1151559de3db.jpg,0
71e54bf7-da4d-4a34-ae13-f5faebde24c0.jpg,0
56bae3af-be6d-4bcb-b911-75f461c621fe.jpg,1
773fde88-ac2e-4598-a072-99b6d3af6534.jpg,0
15af64d3-ed3d-4545-ac81-bc411ac7614a.jpg,0
c584de38-7711-4690-a81e-b6479038b1fa.jpg,1
bae0cb82-78b9-4e1f-a64f-ae198432afcf.jpg,0
db652c72-ccf2-45e6-aaf4-9206dc7fcd73.jpg,1
b9b8bb33-0fc9-42e2-a3d0-0d72bf1a15db.jpg,1
567258ad-a9aa-4be2-b694-75198ddd499a.jpg,1
b48b92bf-1f94-4fb4-8b07-3aa363deed1b.jpg,0
2dde3a5a-0c88-4ea9-9ebd-dd5242af0e3f.jpg,1
9a27d916-12f4-4f98-9281-50d89bb33b57.jpg,0
7cc9787f-19fc-4a0a-a420-2b4be23db16f.jpg,1
8808ddd5-ab15-4cfa-b758-1725c4d6b8de.jpg,0
b3ae65b7-a543-4487-9646-0ddc1323ef69.jpg,0
961e6c70-47ad-47b2-a2e9-4c0bb7ae6cf9.jpg,0
a50da046-d5f7-4765-8bdb-0596aea85943.jpg,0
79b6ea45-d6e2-42b9-944a-e3d4305b9ba3.jpg,0
b0c48d13-6908-40c1-8de4-4bbceeb964a2.jpg,0
7dd9f5e5-fdd9-4389-b613-b29cd2a1c860.jpg,0
4793c13b-a6c2-47d2-a848-35151c0eb9a2.jpg,1
c16abb92-719b-43cf-8280-0503c07e235c.jpg,0
1bbf52bf-9b27-4857-b0eb-52e91523407e.jpg,1
b3980872-5b03-4b00-bfcf-92ad4ed73bb7.jpg,0
f507569c-d6fb-4ca5-a873-f7135f05fd0e.jpg,0
6f719018-5b16-499d-b01c-e7c4d8e0a9c3.jpg,1
7d5c861b-b3ca-4ee0-a797-c025da4a376a.jpg,1
ceaeeac3-1168-4626-aa52-d8eeeea319cc.jpg,1
922d7b31-2659-4a59-9d83-eebe02a70cd8.jpg,0
a7693c42-0fca-41c8-9f55-562ad568aa5e.jpg,0
b43ddfa4-d5bd-4244-be4b-89819bda35e6.jpg,0
8ad3cf50-143b-4f56-bd70-91feaaa1b47c.jpg,1
e07dd71c-5f4a-4def-9400-e6510d9a84ca.jpg,1
65881f66-e203-48a0-9902-dd22b5badc2b.jpg,1
3e79d623-44b6-4b2c-a66d-155f069c9c3c.jpg,0
aef4fb07-bf8d-4a72-8c9a-e133dddb962a.jpg,0
d898e3b6-4dd3-4e5c-be35-bb6955549695.jpg,1
f29fe7d2-d7b3-497e-a0d7-1b684f186657.jpg,0
f7cf4487-8640-445d-b7c2-a6d58f16b30b.jpg,1
652ea2e3-dec0-467c-8cba-8e8a605904d1.jpg,0
722fff53-754a-4901-a55c-0f8d7e014dce.jpg,0
fbfed842-25bf-4044-bfa7-6f5b8a3143b4.jpg,1
366d7685-a47f-47c3-ba50-e2d178ead0f7.jpg,0
b2395a0e-b3df-4589-8f7f-161d3519bdd0.jpg,1
674b3642-bd71-4449-8a48-8cb6e10141be.jpg,0
9a4aad8a-b940-4b60-a7c2-c047433bdda3.jpg,1
11a78473-afa2-4d6c-94e7-1a57d49fd17c.jpg,0
b6baee22-8e61-4053-9a3b-04f88a10eccc.jpg,0
5d7704a7-f0aa-49d3-84c1-2d2e49e9a54c.jpg,0
528d22a7-01d8-476f-92ba-19b6d19907a2.jpg,1
80d546cf-b1d8-4d90-90aa-44fdfa491990.jpg,0
60db27ca-ebc2-4752-a076-aadc11e137d0.jpg,1
51d120ff-a67e-44a1-b853-a3ba0306f967.jpg,1
025368c3-86b9-4b7c-b73e-a25ce179e28b.jpg,1
493c2788-6169-475d-8cec-0457b59a8e3b.jpg,0
b8ef0449-6d63-430d-85fd-c1d023a7cbea.jpg,1
58cf46ca-0581-4fe7-901b-3f468526c068.jpg,1
4e757af3-d194-4778-8cb2-2b203af47bcf.jpg,1
864f94c8-af26-465f-ac9f-30181b94b4c0.jpg,1
0133c4e6-e6af-4df2-8833-a5c8e4bf62e1.jpg,0
1dff04a5-cbb1-42db-8ba8-7770fe898b80.jpg,0
cbe1a185-609e-46e5-a591-c74f19cf6179.jpg,1
eaa3c00a-0a17-420f-b26e-c597f933da07.jpg,1
7f9a82e3-6da0-4391-8b71-5e33824236e4.jpg,0
0c32feb1-bfd5-4eb2-8ee6-9d1455b09aa3.jpg,0
bb90d4dd-e3c6-43a4-9abd-774154440935.jpg,0
0d843988-cf48-4ba5-89d1-9c74cb60cef3.jpg,1
d53715ff-ca7f-407d-b7cc-4974f0661741.jpg,0
e8d0faf1-8390-424e-b13c-d87841bcab8f.jpg,1
3df1c4c6-e395-4eee-b1c0-b798e79c6314.jpg,0
078f9dbd-3edf-4883-984a-98daa7285a83.jpg,0
6d42e4bf-7681-4682-a712-a54f0b54fe05.jpg,0
87ac811a-e621-4d8b-87c7-dd997b19cdff.jpg,0
6c9d6ccf-bd28-4574-8f57-9c864efdb54a.jpg,1
25936e98-38c0-44a3-b87d-ecfd9e25d10a.jpg,0
95e6b125-e828-4a7d-9c5a-858b62bacdd0.jpg,0
4e034ddb-23be-48cd-8341-6402770a187f.jpg,1
7bd67591-8d89-48ef-8efd-172cc62b118a.jpg,1
71f5f61b-a672-427e-b408-b44a2ca9b90f.jpg,1
b4d27913-43a5-4cf4-8da3-d96cab43bc1f.jpg,0
05645a8b-9d69-4d8f-8adf-267609cce418.jpg,1
21b4845d-4262-4093-adc2-9cd1ac63073c.jpg,1
0f080c5b-f36d-4a31-b117-753ce9cbcbe3.jpg,1
3cbf9f08-3a9d-42cb-aafc-4051df8e7d8e.jpg,1
c43310f4-2423-4eb4-b2b0-851cd4b70b34.jpg,1
1e427efe-413a-417d-897c-041bc2dff8df.jpg,1
d0b191c8-a62e-4a38-be9a-12189bcc5d37.jpg,0
acf1eb27-f7e2-4bd5-ad13-b1c12f3d137c.jpg,1
0eb2835d-bcc3-4ac7-a751-597162373520.jpg,1
e04f7b5e-0890-4fdc-bee5-c32ed61a7848.jpg,0
583f3213-a591-4998-afec-d923f6b59b81.jpg,1
ac9fac6d-48f2-4635-9390-cb692eae2acf.jpg,0
71464cbc-cfe2-41a1-8244-2d66f7834b26.jpg,1
b7e71f4b-0421-404d-b86e-cf7fdd6539fd.jpg,0
4b9ebdd0-4caa-4b38-8160-4a081a9d3aa8.jpg,1
69dd8704-3a03-497f-a3cb-e82eb627de93.jpg,1
f111befd-9e9c-48ce-a36d-4cb1265a00d6.jpg,1
a390e8fc-6f8d-4222-b4c7-deffce6958e6.jpg,1
3212397a-6592-4f95-93de-b0dd3a27d734.jpg,1
48fcd170-8a0c-434d-a2f9-0c8a334fac8a.jpg,0
102fcb02-d9ad-42d8-b5c4-0ef88143c987.jpg,0
d21c4a1a-cd4c-4ddf-9ea9-91010dcdf5da.jpg,0
87c5b6a6-258e-4c82-819e-423ee754a9e9.jpg,1
272daef5-bca6-4dca-803f-278cfed1be02.jpg,0
62b26b5d-d02b-428e-a0cb-4e9f244d796b.jpg,0
ef144720-4b07-4df5-9142-69a66fc308e3.jpg,0
b74c33b6-2a5f-4ba9-803a-0f900df878d1.jpg,0
a8bf64ab-1615-481f-8d67-62e0c4c9170c.jpg,0
65c87e93-39e9-47cc-9b74-f9733f5252c8.jpg,0
2789262c-9225-41aa-abee-f59d261d1c98.jpg,0
0121d26c-4263-4733-9f1d-4734639e30ef.jpg,1
4deaf41c-9b84-40eb-bf09-774da46250fb.jpg,0
fb4fc022-80f0-4433-bff0-d68f94f32aab.jpg,1
0bc2e2d7-ec6d-4ded-a7ef-ed82cbbf9f05.jpg,1
93285509-d3de-46c5-8416-c64f3ed4cb1a.jpg,0
2beb6e2b-10a2-4742-a795-d87a024d3869.jpg,0
b6737add-29f0-4090-9b5d-5479f3b4ee12.jpg,1
e8fb1de1-df65-4b93-b702-da056ce5d94e.jpg,1
240e8f0d-221f-44e0-a0cc-41cbfe7fc43c.jpg,0
3c52918b-e16d-49df-97d6-a7042c0f1088.jpg,0
14587cc5-a1d8-4391-8708-a550a92cd8dc.jpg,1
9db5a0be-5b4a-4e29-853e-815d640db1ae.jpg,0
0565ea0a-aead-4f28-a65a-1fc57f3a2ffd.jpg,1
114e06d0-0af8-4a76-85de-537f7288a9ab.jpg,1
bf68b158-bc72-48f4-a851-e0d05bbf9cbe.jpg,0
c80c27d1-faa5-4f88-89e2-d1ee46ff6f81.jpg,0
012ce2a4-3b79-43bb-8b3e-c149cd5d126c.jpg,1
ac5d7b26-be95-4147-a7b7-8a7b5e5f0353.jpg,1
962a81f4-8396-471e-bbda-2e3b1696f381.jpg,1
4d6d14be-9964-4644-bb4f-f7ab78cc8ff8.jpg,1
a948423d-376e-40c4-b1fb-c94c184b8ece.jpg,0
e70039c1-4e8e-4ad7-93bd-e95893a7b155.jpg,1
8d1fee26-757a-49d3-a0d9-7fe6d29981e2.jpg,1
a934015c-17dd-4646-95bf-2e4571965958.jpg,0
e1c5ad4c-eca4-4782-b339-c0931941a686.jpg,1
976beb54-2bed-471a-aa1b-4857c7be2306.jpg,0
6e9f31f9-6d54-48d1-9d09-c044f1323437.jpg,1
e9eda2cc-b172-4055-8c58-52a922a1c2ca.jpg,0
80a9f1cd-bcb2-4903-ac84-6bea6cbb5b45.jpg,1
d6a0a67b-97d0-4b46-8863-9c7f3a6bebb0.jpg,0
b40c12b0-6b1f-4531-8d3b-f0ba4422fc40.jpg,0
97dcd7b3-b868-4ddb-9db7-be3350deb679.jpg,1
bd0485a3-ebaa-4c67-9a2b-281f54e743af.jpg,1
023f3eea-728b-4028-ac4c-333bd0eb3dd1.jpg,0
ac5977f1-cb6e-4995-8d7d-99e4d6dee2b8.jpg,1
17930cde-f5d5-4636-ae9a-f015bf171e44.jpg,0
dab1e6c0-c55d-4878-b346-cf524b3c7e7a.jpg,1
460d6693-36ba-4425-8ea4-b7a2d008793f.jpg,0
507422e0-5fff-4b84-a566-36a1e4249a7d.jpg,1
bbaab31f-1ae6-4a30-a7f8-5b7cf20606f3.jpg,1
c83fda58-1df5-4f34-82b7-ebabd3d78f5b.jpg,0
03232e30-6b3d-44c8-8dfe-47cdd904d3b2.jpg,1
a40613b9-0e9e-4162-8ef7-c5e3a062f666.jpg,0
fe1d07c8-df0e-4e83-b359-17dbacd561e7.jpg,1
52ae0269-4cfd-4bdc-8f45-272fde5e996a.jpg,1
9f798ec1-8a46-4dc9-8f36-b4401710508a.jpg,1
447318fd-6bb8-426e-a9d4-def873550f93.jpg,1
f73046e5-f2d3-4896-9a6c-bd85ae9d4300.jpg,1
56e8478e-780e-41d6-867d-e71006ea9a09.jpg,0
b193add3-5da3-4fad-a2d9-84090310eefc.jpg,1
5a8d5d56-f109-4b99-8c6f-b7630825b4d5.jpg,0
a7cc281d-8baa-49e0-a64d-8d9b5e532698.jpg,1
a1c00bb2-3ae6-4b0f-b4d2-67d00b4c1a0f.jpg,0
a48d2abe-2c4a-4a03-87a0-88577f38e82f.jpg,1
8acddaff-b1f6-4b3c-bfe7-95dcc0fc1dfa.jpg,0
1de6ba7d-9658-4b68-8477-8335a634b873.jpg,1
8fa80317-e3ef-4193-9d5f-ff8ba4af51bb.jpg,1
03626b9e-b2ec-4f35-89de-0823ab522adb.jpg,0
bf043114-2ad6-41a0-9bd2-7b5e289cf183.jpg,0
dfbdbf2c-d8a5-4cec-9241-f062c452ab7e.jpg,1
58500f52-0cf4-4a77-b3cd-b15d7c118ac0.jpg,1
ac8634b6-5f95-4d7b-99e3-540158987913.jpg,0
fa843837-97ad-4c65-af0b-b69c736e7a2d.jpg,1
a1df9d20-0092-4c2a-ac50-e971c9212b42.jpg,0
7c0dd7fd-db74-4d5e-852f-43a7d1d206fe.jpg,0
55c31962-5986-4fe9-bd7b-98501f526aea.jpg,1
334097af-c4cd-4760-bb9f-d373e4d07e7f.jpg,1
b834dd5b-c57c-41c6-9b5f-d763b4229b74.jpg,1
35cc3fb0-f736-4140-8c6d-73d2fd346b10.jpg,1
75aea677-0873-4972-86dc-d28a23e6d4f1.jpg,0
c9d47b9e-c8b5-471e-8792-19cf40aed057.jpg,1
88dd0659-873c-43da-8c62-f5e86d7d032f.jpg,0
a47249b9-644d-44d0-83ac-cac81b7e5d3b.jpg,0
37db8133-c2d2-4050-bc3c-b9b826e0187a.jpg,0
5069887b-895c-4a78-a962-0145a2d2f5cd.jpg,1
c70c8636-db14-4668-bc2e-3b7cd6936035.jpg,0
af0aa596-6f18-4ea5-a514-f00fa99e4a2d.jpg,0
0ba1bce1-8308-4119-b889-ad1d721e1c00.jpg,1
b0d03ca3-d165-4530-9b2d-1821c56bbe49.jpg,1
e6aef880-3ff7-4f98-9ec7-b7c73e7a3caf.jpg,0
d692ccc6-b137-4f40-b902-377391024f70.jpg,1
f208d125-d2c5-4b66-8b0d-d952780099b1.jpg,0
b1d05010-ac79-41f5-91e4-f96c676813c3.jpg,1
783127b7-5652-4ab3-92eb-9f58022aaada.jpg,1
f4492583-af8c-42dc-b5ff-873e9e6f1388.jpg,0
b793be96-49d9-43f8-968f-a7db74196b58.jpg,1
2094509f-0aae-46fb-8c84-f910cf01f6a7.jpg,0
018578bc-7fdc-414c-b182-5546556e1d78.jpg,1
4e92fdb2-047f-42b4-8500-929d4d14047b.jpg,1
4c7ed167-6ea4-4667-a6b1-3fd4fd775580.jpg,1
11feeac4-b538-46fd-9f1e-5d4cd646c3cc.jpg,1
755d90ab-6dca-44a0-910b-e994b30e1fbb.jpg,1
9626b767-888b-4322-89a5-864a2d310c5d.jpg,1
3bf0fe47-8f93-4332-889a-6cb29b13dffe.jpg,1
476e8c6d-59f8-4993-8443-c110319fc860.jpg,0
c76ac39c-f950-4f44-8ec1-846538ea1023.jpg,0
ee697ee0-2330-4da6-ad2d-15bd79941100.jpg,1
5e069d6c-46a7-4c7a-aa11-94f70a25a504.jpg,0
a781536a-9da7-4338-816d-ecb2bf0a46a9.jpg,0
e6f65ad0-d932-466d-abd5-19d42115454d.jpg,0
a5c4f355-801a-48f8-89d8-bd03493052a2.jpg,1
a5bf5ab9-59cd-43a1-88a9-16eeaf377116.jpg,1
bbaf6f18-3f05-4b38-8f2b-4fb49448e6c2.jpg,0
3ccd88b1-c42c-487e-96b8-5ae485dc3d41.jpg,1
ddd3d222-e41d-4a93-9f20-daa6c6f7fabc.jpg,1
4c1220dd-a5e6-453d-96ac-47a159838dcd.jpg,0
eb457e5d-131c-4d7b-9378-aea6f51057d9.jpg,0
37e2ee3b-93af-479d-8e57-4bef9cbb7170.jpg,1
3ad225dd-1165-4c13-98a4-60206ff1db8c.jpg,1
931f333d-0b1e-4db7-8dec-dc631908790f.jpg,1
0cdbfa0d-26e9-4d0e-82e9-c2256410cfd4.jpg,1
513221e7-7aee-4d4d-a466-9faa6c8f85bc.jpg,0
390fe419-8343-4e3f-a605-3b037fa389ff.jpg,1
830cb84b-8a19-4f60-9a7a-22c40166fdca.jpg,0
c11c16d3-0dac-4fbf-8f7f-03911b423b87.jpg,1
493fe5d4-1d76-4bf7-b1cf-d36ac27b11d7.jpg,0
ff764ffd-8a81-4b3f-a4bf-c9f1c05011a8.jpg,1
82b77cdc-2c96-41a4-9a4d-4e56019ebab1.jpg,0
9025acf7-a900-47a5-8ea7-cbf391123042.jpg,1
6cb333fc-07ee-4be9-a502-303557878754.jpg,0
a99627dd-8434-43d4-ad16-0c2b9510481c.jpg,0
3afd8a4a-3c85-4442-8dd2-046b401de8dd.jpg,0
aee49002-915b-4916-983a-98952bf4f95f.jpg,0
8faa6b3d-3a89-4b8a-914c-80152c3fbe49.jpg,0
1586953f-77a8-4c85-b286-a3ec9ebbfe81.jpg,1
f45f9200-cfce-4bc7-9e25-9a00ac43f93a.jpg,0
888d6d25-b070-415c-bdb5-cd991f7558e5.jpg,0
d0284c19-0342-47fe-bb5c-61ac1609be70.jpg,0
fa2d07a6-e6f2-4038-abec-8693d1256bf9.jpg,1
e34a3d58-6dbc-470c-9ece-ccdd1ba4ff77.jpg,0
f3604006-9ae4-43d4-917f-cdbf591bd20d.jpg,0
42de40a4-de8d-487b-98d1-029ceb5f3ec4.jpg,0
8585c902-5a54-45d9-b9bc-2023f077809f.jpg,1
e7708181-fcf1-47a2-9bbb-33926bf55fa8.jpg,1
6b7faf99-d4cf-4293-a2e9-e0d9c5cd70df.jpg,1
3f32c1b5-3953-4b04-ad82-a8518f81f0fa.jpg,1
40025a1b-6b92-4658-91e0-2b977be3038d.jpg,1
8e4b85cf-7c5d-4402-884a-e2d745ac4774.jpg,0
bf05e3df-c4fd-493f-a3a5-698026e27ae2.jpg,0
c86ac611-87f4-46d8-8733-d99b856ee86f.jpg,0
0aebd949-a6e3-4715-a81b-e25ee39471e9.jpg,1
baae5f64-cb04-457f-a0f2-d3ade8c77d96.jpg,0
528340a7-1131-446f-a5d6-ddf3624b1df8.jpg,1
14ec96e5-8d58-4926-80d0-6ece471050cb.jpg,0
3d563a66-44ab-4d3e-92bf-01376f6359bd.jpg,1
db8a32fa-e717-415e-8f81-9863f89d4abd.jpg,1
afa41f0a-6530-4df1-ab74-f8a1eb0fa1db.jpg,0
dfd902b4-def7-41b7-89d1-ebdb18f79d7a.jpg,1
f45eb03d-03cf-43fd-b6d5-010fd78c5237.jpg,1
aaa1ee05-cc4a-4e33-afcd-6a23f17b70d4.jpg,0
f84a8801-9162-47fa-a950-7894db0647e7.jpg,0
69aae750-e158-425f-b8fc-a2b69d2ab3a0.jpg,1
b753127f-4c14-4dfe-bd8c-28ffe005596f.jpg,1
0695842c-388a-41af-9b31-ff49c01c134c.jpg,1
e240f8dd-3a47-46d7-af61-1d09fee0c2d2.jpg,0
8dca3807-1703-4f08-8221-6e9315715df5.jpg,0
fc281cca-6370-4ba4-a79d-e0af29ba49bc.jpg,0
e0b3b87a-8ef7-477d-8471-d4f35b8a33fd.jpg,0
97c43fdc-e07d-4743-8bdf-9a51dbd9816e.jpg,0
55b256ea-7ca2-4670-90c6-1ee8a3917fc7.jpg,0
74d4bc3a-d0f9-4a94-aff4-6afb0e9bbaac.jpg,1
de9a9fc9-56f8-402f-95d6-afe3006c2cbc.jpg,0
1e72fc33-68db-4780-a910-315652328f5c.jpg,1
95b3db11-beea-446f-a983-856122834cb5.jpg,0
f3fc7858-c411-4dca-ade6-f8f3bb19b346.jpg,0
9c5d9418-425f-42f1-b809-5c6c1954755f.jpg,1
db7fd032-d8c2-4a55-9f70-49447d53c8aa.jpg,1
fbdd14c6-b613-43b8-902b-48aff1f5b72d.jpg,1
b0ac2756-1fa4-4e3c-aa4f-cf95fdb7d7d9.jpg,1
80d95df4-0477-476f-a181-a415db40a4c5.jpg,1
59ab0220-214d-4525-a731-12eff162529a.jpg,0
1ecf9826-ac36-410b-8b4a-35af9e803b55.jpg,0
15fc184c-81a2-42a0-a734-bd68f33362c0.jpg,0
1691dbfb-1176-453a-a655-8da0667187a2.jpg,0
c5005f6a-5707-4f69-9e28-db652be2a80b.jpg,0
e72cf6ae-2df9-4a0a-b2c6-bf3a0f9c2ba8.jpg,0
27394640-684f-4511-b9e7-ef5a7439073a.jpg,1
a95b9759-beb9-45ab-a2c2-d55dff618518.jpg,1
75159e8b-023f-4ee4-88de-ef039deb8577.jpg,1
bf3db17f-de80-40a3-8651-25fdc4979b01.jpg,0
58e41a44-bb86-48ed-8453-f10c3a853fa4.jpg,0
5a9b44da-8a78-4486-92d0-3d3258bbaba5.jpg,1
a786f0ba-67d5-4081-ae69-8c4888e200ee.jpg,1
2c28fe17-6c70-43e5-93bb-3674c2ab506b.jpg,0
47e8a2d4-6c1a-4f87-a821-33744af80284.jpg,0
e4aa568e-cc0e-43d4-b677-96b98156606f.jpg,0
7cbf0e52-3dfd-4c57-8b6c-5c8085043244.jpg,1
2aa06fe6-e66e-4517-802a-cc43bf99efef.jpg,0
2fae6097-90b9-4775-be91-4492cf039677.jpg,1
8f38da90-776c-46cd-830c-6065683eef60.jpg,1
d1e8f110-5f6e-4984-9368-96835ec13c79.jpg,1
85c14c0d-22f1-407b-b04a-fe43f74aaf8d.jpg,0
41041f7d-3b06-4688-b957-16295355dbe1.jpg,0
b0b7ee6b-b3ee-4907-93b7-62975cf48841.jpg,1
25f78693-0f55-4ac8-ac6d-7e9c81717a1c.jpg,1
d10337c2-654f-41ff-90fb-e4a9f47a80eb.jpg,0
d0a0f1a8-ad90-4f52-9790-5fc63c22a74f.jpg,1
0d41d17f-a112-4a7b-bac4-f0e1a0726764.jpg,1
212df46c-1ad7-46f6-b995-1de9ee2488bc.jpg,1
ba5e3fea-1423-427f-bbd5-f9f29644cbdd.jpg,1
53c41ee7-152d-4f8e-adfb-a220a2ade5d0.jpg,1
2caf1671-4a03-4e4f-ba2e-0238792b41d0.jpg,0
91ed92e5-3411-40b6-8448-17f4812e17ad.jpg,0
433f6e20-0b44-4c1a-80ab-727ecb6bb770.jpg,0
9f657a61-e61b-4dc3-ba7a-1c73b59bccb6.jpg,1
978a8688-a841-45a3-ac1f-a35f9b0ed910.jpg,0
3abaa878-f0ef-45dd-af95-51fb047f90d9.jpg,1
b98f519e-9582-49c1-a13e-f8cea8212154.jpg,0
efce802f-9e79-4654-936b-82391bbf15e6.jpg,0
585d31b3-8b07-4589-a864-d40c328a9799.jpg,0
0bf344f7-efd2-40f1-bffa-73e17fe22424.jpg,0
ade6dc52-623f-4cba-acaa-bceaf1a2f96b.jpg,0
1d9ea4b2-a4fc-478c-a261-ac2306054d62.jpg,1
683f657c-96ed-45af-80d7-8a240aa17863.jpg,1
4e540410-3508-4ded-9d1c-f15a7d3ec5d2.jpg,1
7dcaa1b8-09bf-4099-a693-256a4a93f6a7.jpg,1
9f936556-21e9-431d-b351-93cf00b60a4a.jpg,0
00acb91f-6a5e-46a7-a187-4300dacf3b7e.jpg,1
f1623621-165e-4960-a9a6-9393ca3f3040.jpg,0
7371836f-33a5-4d04-914a-aef11f935eb8.jpg,1
8f9b86cd-e17f-47c7-b8fb-9e593e2866eb.jpg,0
24079e94-5db6-4f96-92ab-c13f0d3fde10.jpg,0
a8cd8398-7793-4b85-b65c-84929e20e070.jpg,0
e4204c57-dbad-4c44-b613-c392031d42f6.jpg,0
d1cd5184-1a31-414c-bbc3-422a8a00b18a.jpg,1
19165c98-f07a-465f-b293-d7d47ff41b07.jpg,0
86741f9c-6d57-456a-91a7-36f24a4c848d.jpg,0
66f8847d-90fe-4479-9cf7-1fa5162a136f.jpg,1
93fd128b-1956-4802-8370-0bfed2f436c2.jpg,0
d8bbd98a-5cbd-4450-b483-b04e4dcb7de4.jpg,0
81349f6c-ecd1-44d1-abb8-2aae87a1e4fb.jpg,1
0f45cc9b-c3aa-49ef-b084-7c8b6878e859.jpg,1
88109fd7-f987-4832-b9f7-2b3ac007f8b1.jpg,0
e62ef8f5-bca3-4cfb-b524-c2e1e065c935.jpg,0
01b8e3d3-bf8b-4e76-abf1-af4420dd402d.jpg,0
c9f3cadc-88d9-434f-9fcb-b19b2d3a5a43.jpg,0
ca89cabe-a5ac-4e38-86d1-79b6b6688efe.jpg,0
f2138b28-ed92-460c-a9b7-d57ac6b5edf4.jpg,0
deaff3e6-f4da-4d8e-9fc4-e41f1dc4e045.jpg,0
006bb86b-774f-4785-b040-900b2c953972.jpg,1
dc67eaee-fd3e-4c48-bb3b-09c534e36456.jpg,1
d25e2c58-8003-4601-a779-541ce9e9b060.jpg,1
d38623be-5ec8-4106-bf3b-9cd9d732ca99.jpg,0
5d2e4123-5a25-4be5-a660-8e93c87dcfcb.jpg,1
03609a52-d0e6-4907-92e9-eb123595bbf2.jpg,0
bb0054b3-859d-4774-98d9-bfcf20bde457.jpg,1
99c252e4-34c5-4f5c-a076-b860b961fa63.jpg,0
2d292060-440e-4b88-901a-4d4bf013613b.jpg,1
4c6fe044-c67a-4826-9bcc-dc384ab70797.jpg,0
80b28da0-664a-4313-a1b1-9619abc1598f.jpg,1
cf4a6214-9c0b-4150-91e0-ff6e0bd50823.jpg,1
24aac5e7-8772-4383-ae2c-c6fea519517d.jpg,1
833bdf21-aa27-4f6a-b37c-52420132a2ce.jpg,0
ca4e23c4-cca8-4e48-b922-ab1477d7b487.jpg,0
7685995b-cd0e-431a-bde7-68af55b323a2.jpg,0
7796acfd-4953-4f3a-953a-6d985bb7d587.jpg,1
635d2922-4590-4dc7-a010-34ccf749a3bd.jpg,1
ada04284-698c-4595-861b-d679cd2384a5.jpg,0
7edc7c70-ae45-4d11-82b0-d329c15ed544.jpg,1
ee96c979-8a2a-4243-8515-ef9bab291a60.jpg,1
db3cc5f8-ec3b-4347-adee-ab49cfe22667.jpg,1
82e10603-4ade-49f3-ac6d-125dd5e05284.jpg,1
b9195977-7cb8-45f6-baea-b3f103822edf.jpg,0
75204e8a-d238-4c56-a146-d7282b501d9c.jpg,1
8340e78e-a42c-40a8-b248-3c76ea0f99a4.jpg,1
16987138-1b83-4474-a3fb-ad2e9e9bac5e.jpg,0
52744f78-618b-4d09-bc0f-0498123b74e9.jpg,1
8196874a-3371-41d4-ba80-708979108a80.jpg,1
ca94ff96-03af-4db6-8ba6-b5d3186ea95a.jpg,1
e05cd07c-0f3c-43cf-a470-23b533f96989.jpg,1
a74f7d94-5ec6-4197-b2d3-f5b9b46d3182.jpg,1
9db5537c-387a-440b-8c32-2077b2fd3b39.jpg,0
beecd82a-6bb4-4743-87ff-0b4f11716cd7.jpg,0
20d1886e-f8d2-4516-86fb-443597878ac4.jpg,0
387051e5-21a7-4663-b25b-c9e011308441.jpg,1
bb85745d-6296-45c4-ad5d-31caaaae92ab.jpg,1
d9dc706b-0f82-4a7f-9826-76d02d631109.jpg,1
37e48a34-cd30-4fe2-8449-58d6d31c8023.jpg,0
7ada782e-f8b6-4406-b328-2b34f7ca1eab.jpg,1
2266f007-1b09-4aa5-a247-1ef698a999fb.jpg,0
d9ce52b1-ffca-4f3e-a7cc-02714c226e66.jpg,1
1d824a45-d64a-45f1-bd36-45849902f1c1.jpg,1
9c77861d-1ed8-43bc-b068-0120cd1ea305.jpg,0
67e257a0-74d8-4a7a-bc84-1fd9e25c5c8a.jpg,0
024e2ed2-6e7c-4a3f-a9b6-8ca0501be2b9.jpg,1
424ae592-8bbe-4cbe-a058-989bbf71c023.jpg,1
d3a99963-0895-4f57-ad09-5daf77fced4b.jpg,0
1c67bff1-d50b-4518-bc6e-6dcb5bab208b.jpg,0
fbbc4ad9-be63-4a19-a06c-60eef273fe31.jpg,0
6733f743-3239-40cf-ba51-ded4855b7299.jpg,1
25cafea3-6ccb-42a7-b4cd-419be25b6e1e.jpg,0
e5db0474-8c40-4e4f-8052-703a9b3d3b83.jpg,0
acb32ca2-352f-4e78-b5cf-78a4ea15db72.jpg,0
17360e7b-9df2-4033-b7ad-9877c8ba9994.jpg,0
91d699e5-5ce3-495f-9ab1-9b3f52d68ae0.jpg,1
4bd88f1e-37f6-4078-8bb9-e9c62c304e35.jpg,1
72f88ad3-b752-42ea-88db-71298e376aae.jpg,0
fd58ccdc-29ce-49e4-95bc-28ff8ee996d1.jpg,1
6d8354fd-b9af-4fed-a607-bfa6cdeb1afe.jpg,0
896ab7e9-384d-49d7-8a12-7cb17a2fa5e5.jpg,1
73a75046-4333-4fdb-9783-4312056c9ca6.jpg,1
9cc71191-4c92-4426-ab74-e474805b89d9.jpg,0
6700d76f-5117-4863-948e-26679b5d5dc9.jpg,1
498483c0-463b-4498-a331-d2d4eaa9e855.jpg,0
a145afb2-b7d8-47f0-97c1-e871daa056f4.jpg,0
4e6236d7-b629-4b8b-9ba3-e301c47307a0.jpg,0
a73d292f-5e9f-4e11-b591-c11d325c6e86.jpg,0
2f90ffe1-5e25-46ed-a81f-212db004c48a.jpg,1
35e5dab7-74cb-4db1-8d45-67fd9dc20172.jpg,0
d435a407-773b-483d-b438-6de518f84f94.jpg,1
a6fe4317-1d81-4b0c-8975-24297eb5cfce.jpg,0
538d331f-4e78-4e4e-aa86-1e41d20aa3b0.jpg,0
4b97e62f-c4d1-4c83-bcce-64c6d738a222.jpg,0
703770ab-5e4c-4417-ad50-b8adc71959cd.jpg,0
c64a2e49-a469-41fa-8b67-6b4bcfd2edaa.jpg,1
1cce1d11-d1af-46a6-924c-5714be4bcca4.jpg,0
b970a88a-a2d6-4fd0-88eb-edc87743e046.jpg,0
57ecb468-cebd-4b37-abf6-36d96957ec77.jpg,1
68a2685b-5dae-4dc3-b102-b131f1fad233.jpg,1
ed68f289-d45c-4024-9715-9e4df2e211d5.jpg,1
9f0bfe8d-50a0-4579-b313-cf20e5d67d51.jpg,1
ada8aac2-1f18-4c9b-b6c7-42385eec32da.jpg,0
4cbde51b-39f4-48f7-9284-9ea0cfec16d2.jpg,1
98f707ac-d201-40e8-9679-515a8779bdda.jpg,0
477aa3d2-caaa-470c-92a7-afd70f49575c.jpg,0
b7c9fd30-b7f8-45c6-a42c-3aa0414cb42b.jpg,0
e8d10b49-ee31-49ef-8f86-a5f69894fd4c.jpg,0
88388607-ca24-463f-83a6-c2c23eee725b.jpg,0
012c5288-98c6-4f2e-bc1b-d0073e50eded.jpg,0
4f26b528-c5f3-4509-ad38-56e5bc608446.jpg,1
9f256465-a295-4002-bea7-f2cfa788bc48.jpg,0
c2aa176b-1375-4d28-9d92-345896bdf3b5.jpg,1
9a84bbed-6d1a-4d3c-90ff-765886263c6a.jpg,0
ab909e1c-3110-48ac-9a11-b8b2c66748b1.jpg,0
8bc79347-1252-4c06-858e-c33f21c70587.jpg,0
b0478294-f37a-44af-ab2e-6d28a7cd002f.jpg,1
37c1101f-07ac-4a23-87ad-6a37cc2a217d.jpg,1
a6fd8427-a450-4dca-9343-9f318814a1f0.jpg,1
3c078f0b-8f92-4dab-8821-e38d9fbbba4e.jpg,0
448e7067-2acf-4798-b3e5-e59c3b004e58.jpg,1
853bac54-e0d6-4cb7-868a-01fbd16a94e1.jpg,1
53a57c5b-99c0-4678-8faf-1ae1e74db413.jpg,1
f0955db2-900e-449b-af2a-673b2fceec05.jpg,0
8133863f-69ad-4576-81f6-357542ff019c.jpg,1
7cd3f017-579a-4039-971b-bc28342816a6.jpg,1
0d58c9b8-1296-4d24-8655-5d1944c00985.jpg,1
337faa0e-f069-4d87-bc8e-b6f234c93b4a.jpg,0
9cf081db-1c52-47b5-aff8-71b025e2bc2b.jpg,0
78f7e327-d9ec-4d34-8037-ed9641ce3400.jpg,1
f655d5f6-9c60-401e-8756-22e0a0481e0f.jpg,1
12a4224f-1f25-4009-a893-20075ca5f193.jpg,0
3961cffd-22c3-4933-aff3-5769d00956e5.jpg,0
3e1c59af-ec7f-4423-8eb3-93e89d0ca410.jpg,0
bd7ff7c5-cb4e-4391-a558-2e1240c929db.jpg,1
f2963124-00d0-4aef-9954-56fa07fab191.jpg,0
796ca148-feaa-43d1-941a-99baf75822f5.jpg,1
6bf92183-6feb-4104-bb97-9450f1a561d4.jpg,0
7812c5dc-925b-4873-a15e-eb3dab871a39.jpg,0
b795f2a5-f8e2-487a-ab6c-65ccc702c487.jpg,1
dfa60665-e5e7-4057-a83c-63739ddd4ef6.jpg,1
f8913e67-2f99-4463-b266-00f7b77a093f.jpg,0
c49ff786-aebf-4d9c-8978-ec9363a69d22.jpg,1
8bf774a5-3746-4529-a104-fbf9af05209d.jpg,1
76f0b19f-3fa2-48e5-ad83-ff8d6c80e506.jpg,0
4af8749b-65ce-479d-a5b7-857006024b8e.jpg,1
04be4145-9499-426b-a626-a0318ed0ef07.jpg,0
02a0cd77-b9a7-4227-9b7f-f97c2059ace6.jpg,0
74c2fb49-c27d-478b-91bf-13c3e1a92092.jpg,0
5cb4399e-3f4e-4ab1-8013-d086d7b7ef35.jpg,1
5607a662-08ab-46ec-ae7e-481af2dfd42e.jpg,0
369c4aaf-bf2c-42ae-b5a2-f5db71210874.jpg,1
b7cd2fcf-03ca-420f-9396-6acf88c43788.jpg,1
a6315d8c-d6dd-4151-8634-c49688e923da.jpg,1
65c84fb8-5e0d-4764-a4ee-fe34b7755c1e.jpg,0
1e746627-adf4-4c6c-92e6-7a6b58e5e1a7.jpg,0
3b9c82b6-e55c-4e13-9db1-432a5025c881.jpg,0
88c55b2a-0359-4d3c-833d-4a92fe2883f6.jpg,1
533c00a7-f031-4cc7-9fdf-81e8c0c00518.jpg,1
5cbf4aa8-dfc5-453f-898c-4a18267a9006.jpg,1
99bca5fe-f210-4376-b67a-fa054a2c22f4.jpg,0
63c11e62-dda9-4267-96f8-b7468149c380.jpg,0
78dd6d98-46ff-4177-b5d2-ec1cc416de70.jpg,1
c3741adc-0a03-407d-909b-da977606b7ca.jpg,0
45cb8cb9-9e5d-4808-9b56-10fce6cc5756.jpg,0
07ea799b-898d-4644-9467-2a2d1138c749.jpg,1
5594c5a2-0f7d-42b6-a106-838e18cc6523.jpg,0
d983810b-aa42-4505-b3c1-c036ddd73e72.jpg,0
3c830b28-fa9f-42ed-967f-be656b7bb9f3.jpg,1
87675b8c-6388-495f-97f7-f68175916952.jpg,1
ab1e6226-91e7-4730-8cb2-0cb44e8eb309.jpg,0
e89659ef-1968-4d48-945c-f21d05100739.jpg,1
e8361ff9-c57e-47f3-a29a-20c88349abdc.jpg,1
c2fcd37f-ab8f-432c-a72e-279c23fd48b5.jpg,0
f18d03f9-da50-4362-8285-c1f24646672b.jpg,1
88fb7c7e-4c47-4068-ad33-d11d54e2979c.jpg,1
5d10e41e-7a45-44ef-b25a-11096df8dba1.jpg,1
c6cf3876-e6d1-451b-baa5-e2baf00d61f2.jpg,1
cb86387b-98e7-4df3-bcbf-ee4775725ba8.jpg,0
b09cfa6d-909b-4a7f-8158-73ce11b3c2bb.jpg,1
563ba1b7-98e3-4541-9cf8-c59fea9dcf64.jpg,1
da017ea6-bf4e-4809-a02f-a948e1c9b514.jpg,1
cf6b67b0-8bf0-4a54-8265-42944a3f3a0e.jpg,1
1497d9aa-8b5c-487f-b999-2d480264878a.jpg,0
8d8d0b28-743a-4454-b975-891e5e8b9d95.jpg,1
b776554b-afdf-4d09-8e65-3bb075678bdb.jpg,0
f0bf7cd3-9aca-487b-bfe9-99693da4c984.jpg,1
ff647561-654a-4233-9059-33058d22143a.jpg,1
780195f0-b5a5-406a-b8ba-ce3d4985f828.jpg,0
8d6a6b5e-e569-4ad8-a61d-54eafb992909.jpg,1
e71fb692-1cae-4bb8-8d07-75ecbb246f86.jpg,1
9570b22f-4d39-4510-861f-cb1efa1989af.jpg,1
1f750056-c0ed-4ba1-840e-7cbfc9169fd2.jpg,1
82ac44b1-c421-4518-bcee-d8fb65f78310.jpg,0
15e213d2-7a58-4ca5-94a3-03599d7370a9.jpg,0
b8c805cf-55ed-48bb-a7ac-429dcb9e8e9e.jpg,0
8a86e9eb-c912-45e3-980f-533429a9953f.jpg,0
8eddaa45-b5b7-443c-8d17-c32504d9c797.jpg,0
c5bacdae-642e-4a37-baa2-1f3f3e7580f1.jpg,0
49e2ef51-82d2-4d80-ae45-816bf22e2d0a.jpg,0
a2f0c324-5db4-4e50-8e51-3050a00f4fb6.jpg,1
bd1d9568-cede-4a76-84d5-7022c054a1f4.jpg,1
effc9e73-db2c-4b0f-b108-509fbc168e27.jpg,0
8890df58-68f1-4927-aa48-bd4a15bde790.jpg,1
ddaea849-a6bb-43b4-9b28-488e560a6361.jpg,0
4956b45d-b14a-47d4-8aad-c541dbe3c85b.jpg,0
e82df4ab-8842-4c4b-86f4-1c05189b1d7a.jpg,0
6fb01f6d-2297-4994-8ae2-342c8ebe0267.jpg,0
dff42708-b002-4f9a-aca3-addbfe5b5f3b.jpg,1
1198e70f-9d39-4e70-a680-04c12e472377.jpg,1
b1472a86-d811-4ccf-a161-09cdaf1816df.jpg,1
dd9dbe75-12d8-446d-9eca-71d355096180.jpg,1
6c2e7196-d2e9-41dc-af16-643f9e376156.jpg,0
9e617d60-604b-4d92-9975-d7da871edce5.jpg,0
12bccb42-d29a-44f1-ad86-5642bcf5243b.jpg,0
be8f9ff8-d29a-48b2-900a-8b9b0fd34ca5.jpg,1
5b04a570-a45d-4a3e-8602-fc784824659d.jpg,0
a7a6be2b-c9a9-459b-b967-08cc1e3ccbbe.jpg,0
cd7c6988-95d9-4fce-a614-b3405abaa430.jpg,0
816bd3b7-344f-4f8a-95e6-d278a50905ba.jpg,0
e84c678f-cfce-46b8-a050-d36d3c3f0df1.jpg,0
adee939d-28ca-441c-a909-7b75241bbde1.jpg,1
20ad0110-b093-4cea-9344-1bc0580a7c33.jpg,0
bbc47819-8cda-42a8-ba82-ef68a1aef6b5.jpg,0
b7a77460-2e9e-4f0c-9534-ec63ebe3f872.jpg,0
c2fcf8a3-699b-4b55-b44b-cf4ada6e8bf6.jpg,0
dd34569a-37dc-4020-b8c8-affbc14fa98c.jpg,0
1691d003-4ded-4006-b753-c693af5bf45f.jpg,1
0e9a82a3-38c1-43ae-8468-e79c23e35de6.jpg,1
587f8062-02a6-425d-8e20-ea5127e4e792.jpg,0
bd619f9e-310b-42a9-a982-13710569943d.jpg,0
5a503948-3f4f-40f4-9bf2-3e3ab0761b47.jpg,1
d860148f-6423-4033-bfd9-2c1594d6634a.jpg,0
0dd91bdc-9b12-4c35-98b6-9b1e64272dd1.jpg,1
f66e84b5-8175-4663-aa10-779bfda65fdb.jpg,1
45f8af13-ca09-40a5-b05b-678a5190a901.jpg,1
25ce92c9-6004-4c51-86dc-5769a4e994b0.jpg,1
0bc8b86a-3396-4c0b-85c5-386fe977d433.jpg,1
73e5d392-3651-4d03-975f-d9af87595e59.jpg,0
ffef2e15-23c6-4f87-990c-476f2578a029.jpg,1
0083c2db-de9a-40e1-b080-395dbd3683e1.jpg,0
89489f47-cee6-461f-8d0e-bf5f3d5d9cab.jpg,1
775fd122-79a3-4331-9415-d2e2645056db.jpg,1
98c06d05-5506-4fd1-90c9-d45bc25fa7b7.jpg,1
3240356c-0e66-4945-9fec-49e91b1615b3.jpg,1
0cb481c6-8f68-45e7-9f9c-a5131af39ad3.jpg,1
265aa7f0-f99c-4cea-8aae-0fdaee4794a8.jpg,1
c71d6e91-ab82-4cdf-9e10-9987f8dbd7f8.jpg,0
46ffd1a2-6af5-47f2-972d-3bfd5f8dc77e.jpg,0
fdc67c03-3aa5-41e1-8974-1935670b8368.jpg,0
56b8ad85-753a-4dfa-8ba1-31d9ba7bab2a.jpg,0
68b22540-aea1-4f2b-a117-8e81371241f4.jpg,0
dc086166-5c20-4f37-aa71-830e4fa93e99.jpg,0
2784f6ce-48e9-4f31-9e84-f86bfcbdb3b3.jpg,0
d445d2f6-7044-45b5-aa42-be11446c901d.jpg,0
24650749-1c82-4cd9-8314-fc3f21d097bd.jpg,1
1ae2fc83-df25-4146-a31b-4227050dfdcc.jpg,1
4bb0d425-4d63-4ade-8f50-ebdd46efeaa4.jpg,1
a79aecae-273d-49ae-9e37-d41abb7c86e9.jpg,1
4cb93953-ee5a-4091-a245-fbf3aa39dc8c.jpg,1
8a7052e0-b5f5-49ca-989c-c431aca8d18d.jpg,0
c36c82d5-9ed8-45ca-a48d-ab23ac1acc7f.jpg,0
7f2447da-af73-4d63-bda3-f718b9840d98.jpg,1
0d85d6d8-0383-4751-b684-199f311d8d5c.jpg,0
698c8cb5-09f8-451d-a96b-e3ee4b3451f3.jpg,0
90c72c9f-b39c-49be-b0b7-09318e6eddae.jpg,1
aebec839-fddb-4e77-9ec8-7a82c2f45999.jpg,1
1021004e-0dd7-4f72-963f-e46205156665.jpg,1
b3b18ecc-658c-4f3d-bf86-a32463ae6aeb.jpg,0
a9cf7806-9343-4f5b-b312-6f334fc94d0f.jpg,1
feddf97f-b98b-453d-b40f-c8933e549d39.jpg,1
221af2ae-ac39-472c-8564-96f7f6a096a1.jpg,0
67f1b433-0d5e-4864-a96a-b0ed2b31ed58.jpg,1
969a0a1d-c34a-4981-a65b-0490bc2900a4.jpg,1
c673a2dd-e460-45a7-b111-ceaa53684db9.jpg,1
09c7725f-64c9-46a9-a181-a1f700a0a448.jpg,1
9eee2bb9-0c92-4f7f-9606-1728f50140a5.jpg,1
35d041e6-b94f-4d0d-a8f6-575188354aea.jpg,1
f45496a9-eaa2-4f44-891f-fdfe97d063bd.jpg,0
2a183210-c200-4c3b-bdf3-e9d71ee806b8.jpg,1
9b6465b7-c258-447a-bdf7-5929d3fb0073.jpg,0
93f99ea6-9947-4b9d-bbd3-451e52fb4a2b.jpg,0
660b33cd-fcee-49aa-88c1-971a5d46dde6.jpg,0
a13385b2-39eb-414b-ae0b-7db7a57386aa.jpg,1
343e0f59-7790-4042-b83b-b47fc9ba60ed.jpg,1
9b712057-6995-40d3-8841-7f86b9c2e373.jpg,0
2b89e9b6-a27f-4b4a-8a08-3d847ebed0f3.jpg,1
07c82bbe-54ba-4da7-8d91-af8579a6a4f8.jpg,0
27d3988a-8512-4909-8173-3db626ff8265.jpg,0
9d4f5251-4958-421f-a9a3-87b5090f0602.jpg,0
5bd164a5-2079-4f20-ab65-f57d435288d3.jpg,0
6197ee19-3f69-4034-af68-082eeafe1032.jpg,0
63864bdd-6d37-420c-86b3-53c4e70c6b65.jpg,1
1f4c12b2-5c0a-4701-ad57-e628082d8e4c.jpg,1
fb0c68db-90a1-40db-9efe-02ef68c7f399.jpg,0
e11641d2-a80d-41dc-b6f6-94a2dbaea109.jpg,1
62431a4a-ec1e-4c8d-b4d1-c33386ad5861.jpg,0
f28c62e6-090e-49d1-9daa-5ddf79ddd5c0.jpg,0
d4873945-a354-470c-9757-ecf25dd87da5.jpg,1
63a9e343-1127-4fe9-ad6b-9d084217552c.jpg,0
a57042c2-36d9-4b99-85ac-a2dff3b8ddfa.jpg,0
66973496-6d77-4af7-bea6-f0f2e8a7bcb8.jpg,0
3de65b71-1f44-40ca-8049-d0a1c206c054.jpg,1
6f2c4bc2-1948-4e0d-9db8-f9c33577e11b.jpg,1
a2e7517f-7cd0-44f9-8151-d65e05a53d3b.jpg,1
4eab7476-10a1-4171-aef9-a6152e08f501.jpg,1
7d4497fe-22c3-49c6-a6dd-18080936a558.jpg,0
512014fb-f7d2-4515-b319-58acb71110ef.jpg,0
8b6f0128-14aa-49d9-8f20-cf65451681ac.jpg,0
3ab7a7ea-2421-4f90-a3c0-dd64bc5db26c.jpg,0
79b069c1-e158-41b6-9509-b765417fdc3d.jpg,0
565e85ce-33e6-4df4-929f-490e08245cc4.jpg,0
20587f47-ffb3-4b55-8d2e-4b1089fdf2d7.jpg,1
4e5b9b9c-551e-4e5e-a290-4bd98715a5f8.jpg,1
cec495ed-acfd-437e-9933-5951a2813d43.jpg,1
cad06f46-0851-4cb4-886b-108ad2a3edbd.jpg,0
55d070a7-dcf3-4687-864d-4cce31e17cc9.jpg,1
f57cadf8-c266-4060-bdb9-8fd76c6bb6cf.jpg,0
8ed7a0c9-8963-4f06-8f75-afa281588506.jpg,0
12f613fb-ff79-49f2-8b4c-90a12c479347.jpg,1
18d72c24-e3ca-41af-ba9c-5e86ad2566d0.jpg,0
7cef2936-85c7-40da-9238-1c7a0b54f3b2.jpg,0
edfd27e3-1a98-4216-b72d-e65473a50264.jpg,1
027d6c68-a35d-4f5e-8604-3e991083d8a8.jpg,0
0c9313d6-2cf8-483b-a58f-962ea0b825d8.jpg,0
abd88e87-9a34-4608-bb54-91b27133be0e.jpg,1
e12390b5-4967-4d82-8716-043e58fa8947.jpg,0
53312a23-6638-4321-a43e-56104718f989.jpg,0
65a8927b-c970-44c6-9cca-a8cc01259ce5.jpg,0
0bcdcaee-0d4b-49f6-a5e8-a7be206ab3f6.jpg,1
954583e6-4846-445b-8556-953c2a04cfe1.jpg,0
4813fd13-28ef-4db5-a924-6cfdac24eaf2.jpg,0
c9996ce8-3e18-4d8e-93d9-8191147cbf67.jpg,0
4bf117c1-3c56-4024-b29e-36c0b15a2ba1.jpg,1
a3610d19-66a5-4f5c-a899-77766515e67b.jpg,0
ee3b8e7e-d7f9-4d53-b6ef-6cfaef5b47e1.jpg,0
9d457037-d20a-4e92-a5e6-0dec39222357.jpg,1
1fb8b723-0342-4a9a-bd3d-b9e9d13d1cd4.jpg,1
2176f8ad-ce36-4c99-bd48-6dc84d5208ca.jpg,0
09515314-bd70-4f52-b95f-7119207cd234.jpg,1
4038b37e-b2a1-4960-ab3c-387b5f57da7d.jpg,1
780b8174-3db0-4ed0-afe9-cff681406a01.jpg,0
b6b57d2c-87c2-4c74-85c4-1c52e448946c.jpg,0
277715f6-67c4-4fa6-92c0-3b9c4b7f41fc.jpg,0
553d5aba-da6e-4a2a-8f6d-57dccf5bd437.jpg,1
2580e9ad-d95f-45b7-ae14-c28f1c6ad8f0.jpg,1
8a760da4-7c04-41d7-a610-e01c4a3abfdb.jpg,1
3902a281-6ee3-4292-88e8-d0566caaa13e.jpg,1
bfcbad0d-4bc6-46ac-a089-976fcfb8aa3b.jpg,0
565fbe90-a218-47b4-8972-fd76401af7ad.jpg,1
6f4d38aa-aa38-4a10-945d-492da7259b73.jpg,0
c0275286-0d7b-4b6e-96a3-5e6c7a50e6bf.jpg,0
e4be9785-86bb-4273-9c8a-7ab5c6e72538.jpg,1
209c693d-b783-4b96-bd10-f124b61394d1.jpg,0
d0171bae-d587-400b-8aad-6953cbb9d3d7.jpg,0
e85545f7-44f1-47d6-a783-537ce2a5089c.jpg,1
afa1dfdc-ae55-4ec7-9da6-42d94df41cce.jpg,1
a9b4bd1d-3e58-4f85-9394-307073c32e18.jpg,1
3c5c3aa3-4dab-4368-a51a-e5840a601f9d.jpg,0
f79a21f6-6b81-4f58-82a8-fa836bfd0bba.jpg,1
6b593e58-f529-4449-9072-5973cb4c625e.jpg,0
e460eb6e-6f83-4354-83d3-60242de9ac53.jpg,0
b9c8f3f7-4884-4967-94c9-e435410c2441.jpg,0
59b2aa0e-0e79-4216-a590-f9ddd778f3ae.jpg,0
fe59b853-956e-427b-a42c-2ceac5daddc8.jpg,1
b7bc0a27-dca2-4a26-b3ff-36ae27bc6a2c.jpg,1
404464a3-03f0-4a73-8519-3d1f2796892e.jpg,1
d9787ef3-750a-45cf-b248-d104be2da6ec.jpg,0
5cf0be1e-c609-4dc4-8d39-40a1a9be1771.jpg,1
a37260e0-1f74-4389-a75b-f5bffb51f4c5.jpg,0
6ea87386-8cf6-4ca1-b715-c98130a8ee7e.jpg,0
91222995-3fa6-40d5-b2fd-fcb8fcee4fcb.jpg,0
7c2ef25c-c32e-4a33-b39a-0c482f862407.jpg,1
eec3b3dc-7553-48c7-a4fa-10dddc4ed534.jpg,1
10d10325-b645-4873-b4bb-25049983f779.jpg,0
ddc7ab67-765e-4ddb-86e6-51bc7aebad69.jpg,0
bdbb656d-a51c-45d4-83ac-21ace6b72735.jpg,1
db1cdc1b-534a-45a0-8cf8-615a7a9c5e52.jpg,0
7c5c4ef2-3280-4e34-b3aa-bc56d2d1c311.jpg,0
43f10256-5632-420a-a055-263480d50407.jpg,0
ac1e5b5d-0266-4ba9-b90c-aa4450d3d0bb.jpg,1
bdccb88a-c70e-4445-97b5-73f86344473b.jpg,1
b425aacf-b11f-44b8-8d97-676d2141d210.jpg,0
56f479ed-badd-4020-b436-ee34fa15e7a5.jpg,1
c9d19d52-1f6a-45d2-b905-fb45aac40a63.jpg,1
ac7b85f2-a9e0-4e48-bb98-02e656b53848.jpg,1
c273326c-c3b4-4c49-9270-83b890a2db75.jpg,0
7f85a7a7-54ea-4419-b5b7-b55dd773dd95.jpg,1
45c1aa1a-f598-4ee9-93d2-c30467804180.jpg,0
c9ddd67a-602b-4d87-a96a-40feb6733d12.jpg,0
36f99da1-ad19-4b8e-80d9-8b4b2d09463f.jpg,1
eeb43fc1-f8cd-4d06-956c-1eb00c8e0a3b.jpg,1
9b840711-575a-4e24-9631-df58fccc1788.jpg,1
deb3628c-0d70-4a91-92ed-025fdb8e5cb6.jpg,0
fbadddff-739e-4f8b-ad46-5f1bef3ad9e8.jpg,0
43584b36-a481-422b-93fc-25493cc48013.jpg,0
4db09056-5ef6-4cac-9ee2-97bbca43ea59.jpg,0
a61f2bf8-ff63-43d9-863b-c85fdf27166e.jpg,1
00503866-e48a-4c63-957b-ee02526d3be1.jpg,0
20d72bb4-f5d9-46e3-9a29-b110e1daa162.jpg,1
731e3a1d-5475-4da9-b18f-74794ef14dbd.jpg,1
0efc7e9c-01aa-4c79-923a-a6f0b5cad3e0.jpg,1
54f92016-6af8-4eb3-a99f-c4365387c1ed.jpg,1
c7db6938-72da-43b2-b2b4-e5669c7f5031.jpg,0
6798fdb2-b43b-4cf7-8692-7117939cc29a.jpg,1
8398cc91-f5f2-4c2d-ab8b-ed288b69a4b3.jpg,0
ed0b028c-e172-4ccf-965e-0d9eef4d2c78.jpg,1
518b9b26-55d5-4a35-9187-3ce402cce720.jpg,0
64191f1b-f8e7-415b-8c72-78ba82269fb4.jpg,1
52a14366-91c4-4d5d-9397-16ed44196de7.jpg,1
4e0d18aa-f0a8-4437-94f3-e28f5d37f3e2.jpg,1
52642ac9-26b4-42db-b928-f3260a721758.jpg,0
7daf3d4f-2dd7-4c78-86bd-3f0471d20098.jpg,1
8a97afc6-48d5-4867-a94e-f3f0652c49cf.jpg,0
f830943c-0691-40b6-a130-642e51de1d64.jpg,0
07ee6588-0a53-466c-a498-b260a3a29a92.jpg,0
d6106d1c-d731-4542-aed1-61edbb361f65.jpg,1
ef230521-5120-4d3c-913a-04a772f33af7.jpg,1
4c78c87f-d411-4462-9188-4e35682d2ba8.jpg,1
ad124264-7c85-4d77-b4ff-dc293a351b48.jpg,1
43a4d47d-ecea-4a5d-a251-039b6f54323a.jpg,0
eacf5547-e05d-4e8e-a7c3-812e7e2d181d.jpg,1
a0372b4b-4987-4ae6-a088-aa32ef9ff06b.jpg,1
3f01916c-5cd5-428d-bf70-bf8933fda0f7.jpg,1
05c14008-0494-442d-854f-877b54b28f71.jpg,0
63edb0ac-3384-4fe9-a23b-3d92fcd12395.jpg,0
e3a614dd-4a9e-449c-8f95-6c70be312e0b.jpg,1
1f951448-4025-4f34-b38a-678c2a2a9ebf.jpg,0
2fedad06-f447-4cb1-85ee-983ad6c2e57c.jpg,0
55453f51-01ae-4cce-b756-a71d3983f4bc.jpg,1
03c8f11e-e4f0-41da-8dc2-a2bc7c0a4336.jpg,0
e0a084bd-969e-4de4-8af9-78a5703c21eb.jpg,0
c2c2b392-a579-4199-b806-7bc7324d2c30.jpg,0
aa4afb34-5355-4191-b472-4e1b476a9d95.jpg,1
f17cbbb0-3f09-45db-b762-412d2a5c2035.jpg,0
c90284c4-2ca3-4be6-9d34-c8939bf11c32.jpg,1
9831cb4c-fab9-4bea-b124-fe8279d52cee.jpg,0
eed21932-66cc-4eac-896a-296e74775de8.jpg,0
01651cc4-c8cf-4b25-bea5-d0bf76369d9f.jpg,1
8eb07a38-420d-4102-aef9-bd19d11ea68c.jpg,0
640658c6-84ba-4280-bb40-641e002d1129.jpg,0
34533975-cea6-4772-92a4-e8e1ca37f63e.jpg,0
e859a6e6-32fa-45bd-ad53-084e2779a772.jpg,1
16b29471-b31d-4588-aab0-9b435fadbcc5.jpg,1
2acb3c58-e4ea-426d-9561-f9c5cd6b6954.jpg,1
bd183830-e862-4d69-90bb-75bdff27c003.jpg,0
8b9ef4c3-cacd-48bb-a806-652fe3624e6d.jpg,0
0fac899e-3b93-4441-ac29-f14f5a492895.jpg,0
f4441670-d066-439a-adda-987f8b85f978.jpg,0
c19360aa-4552-4cc6-95dd-167cf3cd8ad7.jpg,1
9d2ef5fa-16d7-441a-b03c-f1e9380e98cd.jpg,1
3e8746f6-053e-491f-95a0-c77b2070d6b3.jpg,0
39f54812-bae8-4b63-8833-c84c311d77a0.jpg,1
91c6e41e-fa37-47ea-abf5-32854dcb8239.jpg,1
2f10b021-132f-4fc0-b041-8011212f1f34.jpg,1
de9d5e91-19e3-46ff-ad23-e40601b54f36.jpg,0
6f4f512f-723b-46d7-bdd7-d68c0b26e287.jpg,1
76398918-d4af-489c-9ff5-b4b2ff1ad016.jpg,1
fa119709-7156-4ba0-8dff-f6a7b1a6da64.jpg,0
076c9ca8-c255-42a4-8691-4f8b24edfd9c.jpg,1
1aeab2a1-2c58-4182-bc6d-a4584c0d3484.jpg,1
746b1512-a9f5-4dc1-96db-e623945edeae.jpg,1
2aba9615-7619-4abf-a8f3-b9432df07a7e.jpg,1
a839c7d4-917b-4163-98fd-61c45eb5a300.jpg,1
2fc223f1-37e8-410a-b330-5d0b2b3b6843.jpg,0
44e04fae-7fa1-4b27-9a51-0a09125957a2.jpg,1
44d57ffa-fa8a-4b69-a3b0-4ea8163d3f90.jpg,1
e95cc2fa-bc11-4ca8-a322-04c23f31c416.jpg,1
d8b54756-7122-4f52-94c8-8801c76042ce.jpg,0
fccb2460-c382-4096-8e91-604950202d97.jpg,0
998ab004-2e9c-48e6-9f86-08296a1cbd1f.jpg,0
8787a221-34d3-4454-a724-63c9335e8660.jpg,0
d09d649e-7308-420b-9ad6-4f1010932f75.jpg,0
93f07a77-dea7-4b6c-b415-d4cce759685b.jpg,1
161978b9-bc04-486d-9277-cb39a73f1d12.jpg,1
c3ed4e58-36c0-4f74-a030-48ace996149b.jpg,0
ad0c8c71-ac1a-4661-904b-6c51ef5bf591.jpg,1
05b69c07-841c-4162-9de8-8fa926a32255.jpg,1
57bb3c99-b89f-475a-88b8-0118a86cdfc8.jpg,0
33c85642-01f3-4fb2-bdc7-485ef7d128df.jpg,1
7be5fc81-4c23-493e-b8bb-9ca22d29810c.jpg,0
31360042-bcd2-4576-839c-416a6d718c08.jpg,0
ddd5de21-133e-4bfd-9f0d-769cd32ce071.jpg,0
77e04696-f0d4-4009-ad3f-ea172f705418.jpg,1
4a846c18-eaa0-4be1-9be1-b2575c087a57.jpg,1
a9705c3e-1d3a-4fe0-9484-dc2c86dabc16.jpg,1
5341a933-0d75-42ed-a5bc-dea35a019b15.jpg,1
b95e1e83-6c17-4e26-9152-5ad068b0e5c7.jpg,0
1d735fa6-8077-411e-a4d7-fba0fd6e8424.jpg,0
e2d83086-4a3f-43b8-bb0d-62dd317cb289.jpg,1
4f69e3d8-50fa-4eb3-918b-09fed7b8b6cf.jpg,1
e25e2c03-459b-4f6c-8eb1-94ee7b9daa26.jpg,1
e02be365-4636-43c7-aec3-1942c88ba9b4.jpg,0
36b76e9f-bcf2-4938-8708-1e6f10c15789.jpg,1
69e35455-4855-4ff0-9686-f10cf03c135f.jpg,1
72e0b4c8-951d-4d2e-9f70-047ce1de7323.jpg,1
d96f5586-061e-4411-a76b-3b04ad66ed3e.jpg,1
41aff018-0d4b-4a75-9145-5d9298e4ea5c.jpg,0
baea8d26-8e10-4828-a864-ba1f7a8e17e8.jpg,0
0f6522b2-1b9a-4a40-a61b-581c65b37915.jpg,0
890532b1-05e4-4d2f-b231-5a2022061653.jpg,0
92a5dd81-09c5-41ce-9406-543d284c1ab3.jpg,1
c134e9b4-8d27-4872-8b50-db243c94f6cc.jpg,0
084a808d-6362-4ab6-950c-bf1ad8bced5a.jpg,1
09f0dcee-8d04-4887-997a-26ab59d97724.jpg,1
8f038a8d-c6dc-4344-aa36-0c654263f574.jpg,0
bf6bbd9e-122e-497f-ae0b-d6d3b8165c7d.jpg,0
a11fa348-2823-4752-a72c-781b68f269f2.jpg,1
18a6c300-e6e5-46ef-ad61-b785167f2f97.jpg,0
9a2f2589-b71d-4dbd-8db9-8383f609b7b8.jpg,1
4c88f895-773a-4101-b276-e97dca768bff.jpg,1
b2204135-0cde-425b-b39b-9c459d4eacd3.jpg,1
fca324e9-6bc7-4ad9-94d3-4c2bde38d1fb.jpg,0
1c46e3b0-2109-44c3-b1f3-12c4c3d8e8a2.jpg,0
6be5cfe1-6a74-4177-b4e4-da28ecff742b.jpg,1
0696f28c-70ae-4efe-9065-dafe8cc18b9b.jpg,0
231ada80-1a13-4877-a2d6-15285327139b.jpg,0
c96b3f4f-316c-4874-b04f-36d6c2c54888.jpg,0
786e4fb7-1924-4198-a3cf-f37c475d398b.jpg,1
5881722d-8530-4a83-ab9b-4ef023d6bc98.jpg,0
be0ed122-b32f-4397-962d-163af48dc572.jpg,1
38bc6556-0954-4118-86d4-b5095e8b5801.jpg,1
29e1950c-a163-4431-a9f6-edffdedfa2b2.jpg,0
92233849-6c91-4795-8661-b54ad4fadcb0.jpg,1
ef273726-8f06-426b-9a8a-fae0067a71a2.jpg,1
12d39ffa-e700-43f2-bfbb-d714b19bd1bb.jpg,1
106a483f-dc62-4db1-ad56-24e0a6af2dca.jpg,0
de645cc0-79c0-42d9-8cbb-4d9e192361d6.jpg,1
167dbce5-b1e1-489e-9cf0-1944863d22e1.jpg,1
58d949fe-2458-4509-becc-9b8fa7283c05.jpg,0
f438c5ca-7413-42ef-a68c-a339db2afaf5.jpg,0
7dbb3156-b0c5-4a32-91ee-599bcefd4542.jpg,1
be48e3a2-59ca-4cb4-bf4b-ca1f9e1e43ce.jpg,1
2656d5a8-ad2f-4c9e-a210-2e3efbf5facd.jpg,1
90f85a84-6cc0-42f7-b1b5-a2609da2bcc2.jpg,1
d7988942-b940-4317-a240-c7e2d0eed0a8.jpg,0
8cf194c0-3db2-46c8-922f-c6c0dc29077a.jpg,1
b9e9545d-a188-418c-a9bd-9dc25296b399.jpg,0
6fae9d67-7536-4166-9b2a-99d0f58c510c.jpg,1
5fb4bc70-d0b4-4097-b2fa-4ceeb7b3ef3c.jpg,0
a00b22bb-1a75-4910-8140-560f1f74fac0.jpg,1
69f8a925-a685-486e-908e-3d59e69b02a7.jpg,1
3b0117d0-76cd-442f-9a18-dfd1a6add0c1.jpg,0
7ddf7408-f784-4952-9b68-781f9dcad110.jpg,0
186fb5e1-09d8-43e4-88d8-700509fd8614.jpg,0
0df5938f-89f1-4dd2-88b2-d42ce52c20b0.jpg,0
6e7a97bf-7eb2-458d-bdb7-8ddc91fe8ddc.jpg,1
b8525843-4b00-4385-ab88-b9ea89e80aa4.jpg,1
2b03e3de-6665-422b-86c0-fc283996bafb.jpg,1
caa5416a-8d3d-4373-b387-2582fd40175b.jpg,1
7bff201b-cc4c-43eb-b3e9-17a77546561f.jpg,0
ce392f51-d033-4f89-9e1f-8744fcc314ac.jpg,0
b0ea6df5-8c70-471c-a353-04456961309b.jpg,0
1e9e87e2-9ea5-420c-8e70-ed18a87db76b.jpg,1
a96548bb-df93-42f5-bc81-da0014f78aef.jpg,1
fe57425f-0b02-4ea2-b427-cd13e6659e63.jpg,0
b652a575-e0c1-49ba-97c5-74083df392c0.jpg,0
18b86191-fbe3-4507-8230-020dc2c3f3f4.jpg,1
5b756ece-9ad2-4115-82aa-c4706c7ea204.jpg,1
b9ad0203-1e81-4f29-801d-b7f2a1b56349.jpg,0
4748c703-5885-4c87-935d-393becf3a493.jpg,0
33d512fe-63ba-4f98-a9e0-de54f0dbdb7f.jpg,1
16113d20-0824-4d7b-aa46-bd2bfdfb21c5.jpg,0
acfac85f-a3e2-4764-8c1c-3071b183eb65.jpg,0
154e1ca9-bcaf-488c-9313-52f257295900.jpg,1
5b4f64a9-0405-4f3a-8ed6-9bc5a2526336.jpg,1
e6498285-7376-4a0d-b09f-53ee3f39bf9e.jpg,0
68560367-61eb-4d30-af8f-433de21d1e60.jpg,1
ec7996d0-f67e-402b-9c0e-632243558c61.jpg,1
5d668aa3-55ca-4f4f-a813-6557ef7dec34.jpg,1
e4112637-48e5-4d3f-b69d-fe266f38cc36.jpg,1
3c7407fa-8ee9-429b-9707-8ea47a93f60e.jpg,1
f4c106f9-b131-4f3d-b36c-a660f623b264.jpg,0
db3754f7-7702-4b87-a1d0-233188eb20b0.jpg,0
eb7b571f-43e1-447b-b479-46a1a5480036.jpg,0
d871ddfd-0f3a-485f-adb3-3cb2a6b53f78.jpg,0
0eb9bbd6-fc08-41a3-9bb2-d314dbc1614f.jpg,1
f4ed8aa7-6010-4ffa-a927-4f34c8e37a6e.jpg,0
4bd5d07a-dc48-4897-9cc6-f67e2fe1c432.jpg,0
723c7498-7e2f-4571-924f-ff9e2fcdddd3.jpg,0
95bebc2e-ec95-4038-86a0-dc419aa007ac.jpg,1
1611d60b-193a-4358-906a-d5d4e3ddb3fa.jpg,1
af85b8c2-064a-4a5c-9950-d10addfcf8cc.jpg,0
d735b249-3058-45b7-83dc-b21e6773bd7f.jpg,1
0c68735e-9d6c-4090-a3e5-faee4af29b0b.jpg,1
74d34be7-a98d-496d-8967-f5d58fb2e1f9.jpg,1
7402fbcb-76f2-43c3-9ce3-55d189c1dd48.jpg,1
246948da-3d2a-4b56-96a5-4f4373646319.jpg,1
11843854-bb9d-4bb5-9266-ef3112298af3.jpg,1
f20e2be1-9d16-4254-8ba8-48ca4d8fcaa9.jpg,0
47a4a726-01c2-498d-8a07-9115fa4dff66.jpg,1
9885347a-09d3-42cb-aee4-e8b1764ee3e2.jpg,1
d0ac1fc4-9a29-4dd8-afdc-c73875539f52.jpg,0
eb7cb0ad-3d28-449a-9b1d-73302dfff76b.jpg,0
c516d942-4ca9-4e81-8ea4-c2893cb2ba78.jpg,0
9a39ae21-5454-4cd4-a4d0-afe1aed5819d.jpg,0
c442badc-6f9b-4951-a811-998a82891ccf.jpg,1
392f83e3-a915-4252-8bbe-deebac87e43b.jpg,1
d5872d72-bae0-47b5-bac9-fe0267219dc9.jpg,0
33158ba3-277a-4294-b886-3f0b88fd528e.jpg,0
c42226e1-e1ba-45b1-89e8-95b8aadeaaee.jpg,0
1e0f2905-f720-4aef-8bee-c8d1ef4807db.jpg,0
d9619c7e-2c6e-43e9-be76-157062e43ec1.jpg,1
1936000f-9669-4cf4-8772-37112b516c6c.jpg,0
dc1228f5-68be-47e4-beab-37929520f1f8.jpg,1
a7150ff2-8961-4e27-acb8-fdc193780668.jpg,1
f24e9c7e-4a6a-4d34-9936-e3e7a7a3afb2.jpg,0
c649b804-967e-4898-b670-481356955ba6.jpg,1
71104e08-ae05-4ed4-b6db-e99a58d6743b.jpg,1
bcb25ebe-e424-46ed-850a-ebc534a962df.jpg,1
ea3f6cdd-c6c9-488e-a5d0-62624199bf48.jpg,0
91dd6b40-930d-41ff-936e-658f82ca1c5e.jpg,0
aa1d50ee-8545-4013-bd2b-ef96ff7c2894.jpg,0
3825cf18-7709-441c-9205-56eca50f199e.jpg,1
12038a1f-5114-4b82-9377-6bc150c4ac12.jpg,0
892a9881-d2f3-424a-bbba-7b98f4ad2503.jpg,1
fbb18e78-b464-4deb-90eb-60272111fb75.jpg,0
3c7da53b-b110-4645-9ac8-ba784cc3934a.jpg,1
7a404fe8-06ec-416d-96f7-f8863f088d51.jpg,1
4b9dd873-0d2d-4e0e-a132-60e4bb2e6722.jpg,1
89790637-2b3c-47f6-bec6-8a2eece872b3.jpg,1
4a5e104c-1f5b-4ce2-919b-24da0398b501.jpg,1
e707035e-5148-4c05-a43d-d7d0da7a2e08.jpg,1
a13a5d15-83e3-4f12-b2c9-01a7c3800b72.jpg,1
35cbb7a5-d6bf-4c9f-a4f6-4cb521625157.jpg,0
cce29a06-2391-4093-9cd5-3128a7d8676b.jpg,1
38fee8ae-6046-4546-a071-8f6c646c98f8.jpg,1
93e88aac-4ca5-4581-a37e-7e3e6cc42da4.jpg,1
e5c0c41d-89b1-4b9e-bbd7-8b266fd03884.jpg,0
c47b621e-1118-4a15-9e9e-bc79571d6a54.jpg,1
65d53b6a-3f53-42b9-8386-ccb72a92bea7.jpg,1
cc29af98-a853-4f8f-8f18-d88a8aaec9d7.jpg,1
ddb0e6b2-ef09-4dcd-90df-4fa9e070ac03.jpg,0
8d54583b-4bf8-45b3-9b0f-8f962effb367.jpg,1
484eb7b5-9480-4a6d-b87a-5432216dd7a8.jpg,0
19eb97dd-21d2-4bda-a19a-e53eb4d38bb3.jpg,0
18517189-a698-492f-9cf2-6cbb546a61cd.jpg,0
87686553-aabb-4ced-a109-21fdd27c5bb5.jpg,1
3c2c20b7-08fc-4ac7-9e6b-9fff6ba0de42.jpg,0
1c986f21-e9a0-442d-b754-20893906474f.jpg,1
515aba94-098d-419e-ae8e-aa13ef34d9fe.jpg,1
6b32419e-1c0f-4cec-9690-36f82bcb8e51.jpg,0
82721622-1978-4900-9705-875a06ada37d.jpg,0
62046894-fc0b-4e80-a1cb-7a3a4e1518b5.jpg,0
ca96147a-a880-4217-9c75-f34755dd010e.jpg,0
d681cda3-765b-4442-9660-bc710aff5ad7.jpg,1
f008d0c5-e7e7-4beb-a58e-b610f17273bb.jpg,0
3dfcdfb8-c987-4aaf-9704-b95773130f6b.jpg,1
03310d6c-a664-4dbe-b533-012d1ebfd65a.jpg,0
2b5c40fb-b76c-4561-b17d-736b8f1d7f89.jpg,0
7476e9ea-b099-4a50-a867-06f487384767.jpg,1
ba95ff8f-1d86-4e01-8df3-7a0749adbfbc.jpg,0
