id,label
b1e96a0f-521e-4ee6-a2dc-9b0831289715.jpg,1
da7b93da-ecc2-4b08-8b00-32e1c352475f.jpg,0
7a84908d-dd0f-446d-b66b-c65e6d46d346.jpg,0
29b89b47-702a-4b8f-b651-b6e01c763977.jpg,1
b9fd7173-f3e9-44bb-90d9-3dd2d50e9e24.jpg,1
9e808c1e-2ea0-4b31-8e9a-307f0de43fcc.jpg,1
191d7660-9f48-448a-988b-5c863d704115.jpg,0
8a3a09ae-beb6-4913-9e63-7db9f4734730.jpg,1
a6c9a880-9502-4cff-bcd7-15bfef7475f1.jpg,0
424dcbc7-abec-4b18-9ea0-31fd149d6ebd.jpg,0
7cb40262-6511-42cf-944a-122fd90f9fa3.jpg,1
b8c1b4a1-7fe4-4502-ac5e-0c6a2192e523.jpg,1
aebe1f50-3fca-4c88-9fb8-6b440fd79e92.jpg,1
48424d68-bbff-4d81-b64a-ee48cd6f7ff8.jpg,1
35a67ee0-d580-4e6e-b54b-a80f6424b83c.jpg,0
7ba2689b-38af-4666-b10b-208b7cca626f.jpg,1
86f9e218-3397-49b0-bb88-a4be86adf754.jpg,1
cc6d17eb-bbe9-4058-8031-3743a1c1694b.jpg,1
db63c8dd-de0f-4a4c-bc25-37132ccd374d.jpg,1
a70f43c4-e7d4-4120-8f17-5025783fb7af.jpg,1
0526c0f3-3e15-4867-a8a8-c29772716340.jpg,1
9f88d621-8a66-4ea8-aa46-1cbc6f3d1aa7.jpg,1
6fb7f5c8-b942-46d7-acdc-a1c6c5c181c4.jpg,1
0602cf67-fdc5-4613-b3a1-bc600edc85f1.jpg,1
e34cc640-a09e-4244-b5b6-351cd3820d56.jpg,1
fa36a147-de1f-4c5e-9ee3-4ba0bccf5356.jpg,1
bf674df7-5a4a-4093-8ff4-2daf90221896.jpg,1
afbc487d-7f89-47ef-95fb-08acfdc2852a.jpg,0
aaf7466b-26da-4d3d-9d1f-542a31861ace.jpg,0
ecfea7f6-f002-4f08-b210-c8a3ab31229f.jpg,1
f475f24d-fab1-4ac6-acf1-46d2b030c06d.jpg,1
0f0db49a-cbd4-4a48-aafb-98280b7f42cd.jpg,0
9ef59cc2-f79e-4662-8080-6601ef3f39f0.jpg,1
f027b02d-ff28-4915-84c3-b066c43e6a20.jpg,1
f250871c-5170-494b-bd06-590324cabafa.jpg,1
d645253d-9003-42c7-a24d-095c46fecf6a.jpg,1
3032838a-56fc-466d-ae31-b1454f7a9691.jpg,1
87310067-7766-4c87-a038-652bad281c11.jpg,0
efd42d83-1eb6-45ab-849b-e0a02b99aa72.jpg,1
9cb5681b-3357-4bb6-af5b-87435611f3f7.jpg,1
f99186e5-324f-4571-8ff8-9222c96a788c.jpg,1
1a2f3dd6-b454-46c1-92ce-570fbf819da5.jpg,0
1df378b0-ea6c-4b3c-8f77-b0da9d147583.jpg,1
0c9a110e-5926-48f3-9be5-963c49cd7233.jpg,1
ad72c4d7-5dfb-490c-8163-f5a417f80096.jpg,1
79266171-458e-4163-a69c-412ca2857868.jpg,0
68146127-e558-4865-b26f-a8b07135c6f3.jpg,1
e5f1deef-d230-4406-874b-d87fa8369ae4.jpg,1
2bb2b9ca-03bc-46e1-91a7-dddfb93bfc88.jpg,1
c3918fa1-45bf-4ce9-9f12-7b300adc8654.jpg,1
d9d17541-23d3-480b-8f4e-d9de53bbee8b.jpg,0
80a33810-02a8-4393-b016-bfbcf2324d8b.jpg,1
a9822da3-0ec5-40cc-ac56-96e8b0ecee6c.jpg,0
74f2db54-a6f4-46fb-8f97-fddaf812d897.jpg,1
a24a4068-5ed0-4d68-8f2d-cdb3a66e3e03.jpg,1
229301a2-498b-4b65-b88b-9f1f334fcb2c.jpg,1
80a20a89-e3c8-4706-b04b-435c72df9fd1.jpg,1
e32446e8-a65f-4665-acf3-2b4417dc3008.jpg,1
4b88bb87-0605-4740-9ee0-ce5ac5bf2577.jpg,0
1e1dec9c-d313-43ac-9b48-ff26cef90fcb.jpg,0
7202bb96-1287-413e-944b-5d6137b81452.jpg,0
21a240e0-e2d1-4236-af94-9da509cf678c.jpg,1
df0a4d4c-87bf-43f6-9a98-aba83d3704c1.jpg,1
236742f5-a21a-4ea7-8f9c-5939596b5523.jpg,1
76b8c03b-468a-4bfe-953c-61adffb8a9f5.jpg,1
152389a4-e8a3-495d-b805-f70c64d78c0f.jpg,1
3ef0e5e0-512e-4b3f-afa3-94019b67dffb.jpg,0
d02963da-aa20-4215-ae1e-fe50296c7d7b.jpg,1
9eef5e57-9d2f-4d7e-982a-f26fc211803c.jpg,1
d5eb26fe-af53-462e-8cd6-13916d998dc2.jpg,0
ed0dc35c-e9e5-42b7-b263-e9fb822f8b61.jpg,1
ea489c74-6205-4216-932e-6afa89d1fc9d.jpg,0
51f9bd54-6445-402a-ad5b-b93672a9e5e0.jpg,0
dfac6564-4cc8-4a13-b915-111cf691925b.jpg,1
1fa8c2bc-29a9-458f-830e-2c6e0313c5bb.jpg,0
3a42ebdd-399a-475c-afb4-bcebffe0ff0a.jpg,1
a07dbae3-6004-44d5-a048-7bf3828eedcd.jpg,0
b6eb725b-f901-4183-9f3f-3c650c9b3f94.jpg,1
50589f17-f8fe-4cdd-b519-abbb26840684.jpg,1
df27037c-b730-4386-a02e-cd6cfba89fc4.jpg,0
e1825edd-f1e8-4121-abc6-6558ff4fb353.jpg,1
40b592e2-c86a-427c-8e01-616c216d6533.jpg,1
e7865997-1f90-4907-8077-3c88499fd72f.jpg,1
8150566e-a686-4d47-9eca-4325570ea338.jpg,0
98b4bce0-f243-427f-b4ca-15f9116ce2ea.jpg,1
6ed10b5c-1a43-45bb-b6b9-769bcf2336da.jpg,1
30ed29ed-22f4-49ef-bd12-78f4d5cc8276.jpg,1
7148eef3-699c-419d-ac2c-c4718c926676.jpg,0
51987c52-5f26-4529-868a-4b1e24d536b1.jpg,1
7f75708e-83ef-4b1a-a6f8-15fbb24943ac.jpg,1
0cf0bee0-e8c8-4a5f-a153-59adad29fea4.jpg,0
155ddbbd-ee72-4528-aae5-37e35e51c467.jpg,1
05423182-3dd3-4797-ac84-cf8735675feb.jpg,1
97ac18fb-f0c1-44d9-b846-b337d15cb0d3.jpg,1
1683c425-4c40-426c-9b51-336ba3a4b0cd.jpg,0
bcb75941-3989-4c7c-a1d6-dba0c8e70df5.jpg,1
1947e666-9624-4bd9-aa4a-e58e2b41b956.jpg,0
02f1f17b-2a16-44d4-b3f9-f5b807bc5bd3.jpg,0
fecae29b-24bd-4ce3-a1e5-bb7243782c69.jpg,1
e07f9a68-85b6-46c6-b510-8d5200273484.jpg,1
7bd20b69-eda8-4745-a916-c53dcd9fd268.jpg,1
bf3e583f-4a15-4637-9cd1-7edaea2df857.jpg,1
d11e61b3-a32b-4148-8d7c-16f5776baf75.jpg,1
bd5310e2-5677-4305-9a9b-7ba23173c469.jpg,1
47a4a9cd-206a-4b5c-a457-83b115d7f7d4.jpg,1
a6bffc44-0d28-41bf-b767-7edbb9fb1a84.jpg,1
8f96bf46-9235-4ce1-b314-076bf3c7d3f2.jpg,1
c9c9d039-f6d8-48f3-896e-162fd0080c2e.jpg,1
2993d357-be1e-4bf3-835e-fc0fbcae067b.jpg,1
1609ba7c-f202-4f8e-bb0e-9fa292f88022.jpg,1
c9e766f9-6377-41e9-bbf4-5756e9830b79.jpg,1
326e5ef7-2570-43b2-85af-b7dae3beebe2.jpg,1
877a2197-5080-4ea9-ba6d-9ff171d99acf.jpg,1
2ee4670e-ca2a-4ec3-a4d4-0be4145136b5.jpg,0
c0526e2e-0095-4971-ba32-e8428df146c7.jpg,0
1d66b73a-af1f-45cc-82ee-7be21b9b72a3.jpg,1
1ae3c08b-2119-440b-8aa6-e87dab980602.jpg,1
e8c381e0-c3d9-4401-86d5-37bb391ff51a.jpg,1
c3cf1c33-597a-473f-855f-dea8b3e7c9cc.jpg,1
293ac3dc-f6ab-4bf4-8333-72fdba4cadaf.jpg,1
bc106227-8d91-4dd8-a097-43df0951891f.jpg,1
2f6842fa-323e-41b4-8f6f-5fb0cba7939b.jpg,1
f779104e-d94b-4b9a-801a-3c3a20cbd520.jpg,1
eb5d9341-4b15-4181-9843-204457a6bedb.jpg,1
a9d68b1d-3e94-46b5-8146-2e8fa5fb7110.jpg,0
1e3409e4-0352-4b74-aece-0d291454559f.jpg,1
d472f9a6-d4f3-4a5c-b658-fc5709eb964b.jpg,1
681863da-1ac3-474f-b091-6a45035f9188.jpg,1
48072033-9fe1-4453-ba93-aeae1ad8f868.jpg,0
0014ebca-28a7-4496-b23e-765bd5f4ad03.jpg,1
2aca9547-9694-4eab-8677-2803674a4da6.jpg,1
14021ea3-7be5-4a3d-aa25-b463928f3e90.jpg,1
542dc386-468d-47e1-90b8-ac2e5ba1b6c9.jpg,1
c9582617-b7b3-4e43-9fa5-14a91f98342d.jpg,1
a4115df9-4140-4b95-805d-235eaea0aba6.jpg,1
9368aa26-b2d6-4ea0-8163-d801d7725a8d.jpg,0
7b95a74d-a7ab-4d42-9cd8-fab96d7339d8.jpg,0
262c9a27-4c30-4019-9394-f1856ef5581c.jpg,0
818c1d90-30c2-4cc5-9b7a-9f6c9415083d.jpg,0
91b546e8-c2bd-4eee-bf42-4d93f1cc3319.jpg,1
42db6cb4-98be-4ea9-a4b9-919bb50fd37d.jpg,0
6179303a-aa13-422f-9e10-b868258cc02d.jpg,1
d3b4d110-eedf-4e91-9ed4-f8e2d24fe3ca.jpg,1
e0cc6519-276d-44ce-879d-10308ae211cf.jpg,0
aba2b45d-3247-43d2-ad17-46bbe8645c04.jpg,1
1dc40b09-29a2-443a-b5ef-74038cc58717.jpg,0
aaa843d6-3ca7-4e04-a474-3e469758b7c9.jpg,1
4672151c-07dc-4e66-bf7f-5596c557967d.jpg,1
b97e254d-bea5-4cac-9a33-9f1c165045f9.jpg,1
f547643c-f15b-4953-8f1a-4574d61c932c.jpg,0
3bdd0e01-44cd-4642-81d3-efa35c2b4727.jpg,0
2d13b28f-f1ae-4f33-a64d-e215a6466ccf.jpg,1
3d69af88-b2dd-406f-879e-3700d8c0d96c.jpg,1
26d79e7e-03ea-4229-9a6b-6f37c9a396b0.jpg,1
2495d74c-d0a6-44dc-bed5-d58f19648932.jpg,1
17ae58e7-cec0-4610-a409-bbe3918277e6.jpg,1
297c5d2f-cf23-4b85-9acd-2514b8d7217c.jpg,1
b8057a03-e4ff-47c0-842e-3506d60ace45.jpg,1
21501d85-c4dc-475c-887a-05bf3fa56fe6.jpg,1
89be0ffe-e967-4a1b-991b-e781383b7b4e.jpg,0
12b76f4b-f7cf-44e4-bd32-2f151e9e3211.jpg,1
d5d66bd5-f5c5-47a0-9f2c-848900c03f19.jpg,1
20bb16f8-a1f6-437d-9a12-35011d667153.jpg,1
4d690a93-fc96-4961-9c3f-29478b01c101.jpg,0
2aa60560-29e8-4396-b2e3-2bb6061fb36b.jpg,1
3a4e87e9-c6c3-4b04-b367-c989e0a5fa47.jpg,1
6c9b5d7b-da83-45fd-ae43-422c999f4b4e.jpg,1
9787866e-c22f-4918-8e6a-5437253f0578.jpg,1
dedb7e93-6ae9-44fd-bc8e-2463687ad800.jpg,0
0d5a7044-1ad3-49b3-b73f-c4d16451aab7.jpg,0
2a3b981b-6128-4655-94e3-ef5a3b04d5cb.jpg,1
76b31a45-a358-4b23-b384-67aa34bebab5.jpg,1
36d36f36-7a9d-4ec9-9442-9eb0e499bbd8.jpg,1
21d003ef-f355-4a28-ad47-3d5ff62c821d.jpg,1
4d8a5463-b708-4774-81b3-be1c2b1437f3.jpg,1
dfd45e07-75bd-46a2-9a94-3cb7a222b53d.jpg,0
aadd4c94-7d3f-4a23-b309-79149e8431df.jpg,0
095c41ff-6864-41da-956e-96921eb859d9.jpg,1
d2be29fc-6653-481d-a31a-f2f04268559c.jpg,1
3c84a0a3-c569-4ed9-aace-e00d3d9f8ecc.jpg,0
33ea2334-c10d-4a0b-b768-11069787b9aa.jpg,1
8272c0a3-91b4-4bb2-bea4-369eae2360d4.jpg,1
58edd181-77a1-4192-b555-229fe36412c1.jpg,0
ba98fd10-4d3d-4a31-8de0-e65ed73bc4ef.jpg,1
b1d27c67-ad88-469d-bead-42a5651d70e8.jpg,0
1e9b26c9-de46-4532-ad0d-8a7e4ac2f80f.jpg,1
8e248f9e-c00d-442f-83f1-10b2270487d0.jpg,1
e3b15f3c-687e-4a2a-9117-1f0c584aeecf.jpg,1
192ec41c-ad70-41cb-9d28-9bd00fea448a.jpg,0
c6da4871-0e9b-46ea-8882-6407be640d49.jpg,1
62a5babe-badf-48e3-bd61-18ba867d813c.jpg,1
e6c339ed-2e84-4f40-a7c9-1354a21b1fa3.jpg,1
4aa23731-c71b-4cdb-8e82-995682665cbd.jpg,1
2073cd9e-a79c-448b-9d95-6348c5cb8e48.jpg,1
3970044b-ecef-4083-844d-476e71a8f351.jpg,1
a6892ff3-8c6f-40b3-9a71-6b370a6f0db6.jpg,1
a7e41b3e-2e58-422d-a8af-a955789719cb.jpg,1
f984e9e6-0bdd-4d08-8836-652662debc53.jpg,1
31ab156f-50de-47a4-b4b1-381015db19ae.jpg,1
bce83be8-69e3-4edb-8b4e-66663fd3f807.jpg,1
